pn_name,mention_count,row_count,pn_sources,pn_variants,spellings_checked
Ennam-Aššur,433,433,lexicon; onomasticon,Ennam-Aššur,e-na-a-šur; e-na-a-šur-ma; e-na-a-šùr; e-na-a-šùr-ma; e-na-am-a-šur; e-na-ma-a-šur; e-na-ma-a-šùr; e-na-ma-šur; e-na-ma-šùr; e-nam-a-šur; e-nam-a-šur-ma; e-nam-a-šùr; e-nam-a-šùr-ma; e-nam-šùr; e-nam={d}a-šur; e-nam={d}a-šùr; e-nu-a-šur; e-nu-a-šùr; e-nu-um-a-šur; e-nu-um-a-šùr; e-num-a-šur; e-num-a-šur-ma; e-num-a-šùr; e-num-a-šùr-ma; e-um-a-šur; e-um-a-šùr; e-um-a-šùr-ma; en-am-a-šur; en-am-a-šùr; en-kù-a-šur; en-na-a-šur; en-na-a-šur-ma; en-na-a-šùr; en-na-a-šùr-ma; en-na-am-a-šur; en-na-am-a-šùr; en-na-ma-a-šur; en-na-ma-a-šùr; en-na-ma-šur; en-na-ma-šùr; en-nam-a-šur; en-nam-a-šur-ma; en-nam-a-šùr; en-nam-a-šùr-ma; en-nam-aš-šùr; en-nam={d}a-šur; en-nu-a-šur; en-nu-a-šur-ma; en-nu-a-šùr; en-nu-um-a-šur; en-nu-um-a-šùr; en-num-a-šur; en-num-a-šur-ma; en-num-a-šùr; en-num-a-šùr-ma; en-u-a-šùr; en-um-a-šur; en-um-a-šur-ma; en-um-a-šur-ni; en-um-a-šùr; en-um-a-šùr-ma; en6-na-a-šur; en6-nam-a-šur; en6-nam-a-šùr; in-na-a-šur; in-na-a-šùr; {m}en-um-a-šur; {m}en-um-a-šùr
Ali-ahum,378,378,onomasticon,Ali-ahum,a-la-hi-im; a-la-hu-um; a-lá-hu-um
Šalim-Aššur,243,243,lexicon; onomasticon,Šalim-Aššur,{m}šál-ma-a-šur; ša-al-ma-a-šur; ša-lim-a-šur; ša-lim-a-šur-ma; ša-lim-a-šùr; ša-lim-a-šùr-ma; ša-lim={d}a-šùr; ša-lím-a-šùr; šál-lim-a-šur; šál-lim-a-šùr; šál-ma-a-šur; šál-ma-a-šur-ma; šál-ma-a-šùr; šál-ma-a-šùr-ma; šál-ma-šur; šál-ma={d}a-šur
Aššur,154,154,lexicon,Aššur,a-šur; a-šur-ma; a-šùr; ta-šu-ur; tá-šur; {d}a-šur; {d}a-šùr
Iddin-abum,145,145,onomasticon,Iddin-abum,i-dí-in-a-bu-um
Šu-Ištar,132,132,lexicon; onomasticon,Šu-Ištar,su-ištar; {m}šu-ištar; šu-iš-tár; šu-iš8-tár; šu-ištar; šu-ištar-ma; šu.ištar; šu={d}ištar-ma
Amur-Ištar,126,126,lexicon; onomasticon,Amur-Ištar,a-mu-ištar; a-mur-iš-tar; a-mur-iš-tar-ma; a-mur-iš8-tár; a-mur-ištar; a-mur-ištar-ma; am-ri-ištar; am-ur-ištar
Aššur-malik,125,125,lexicon; onomasticon,Aššur-malik; Aššur-mālik,a-šur-ma-lik; a-šur-ma-lik-ma; a-šur-ma-lík; a-šur-me-lik; a-šùr-ma-lik; a-šùr-ma-lik-ma; {d}a-šur-lik-ma; {d}a-šur-ma-lik; {d}a-šur-ma-lik-ma; {d}a-šùr-ma-lik; {d}a-šùr-ma-lik-ma; {m}{d}a-šùr-ma-lik
Elamma,123,123,lexicon; onomasticon,Elamma,e-la-ma; e-la-ma-ma; e-lam-ma; e-lá-ma; e-lá-ma-ma; é-lá-ma
Puzur-Aššur,118,118,lexicon; onomasticon,Puzur-Aššur,ma-na-šur; man-a-šur; man-a-šur-ma; man-a-šùr; man-a-šùr-ma; puzur2-a-šur; puzur2-a-šùr; puzur4-a-šur; puzur4-a-šur-ma; puzur4-a-šùr; puzur4-a-šùr-ma; puzur4.a-šur; puzur4={d}a-šùr; púzur-a-šur; púzur-a-šur-ma; púzur-a-šùr; púzur-a-šùr-ma; {m}puzur4-a-šùr; {m}púzur-a-šur; {m}púzur-a-šùr
Enna-Suen,96,96,onomasticon,Enna-Suen,e-na-sú-in; en-na-sú-en; en-na-sú-en6; en-na-sú-in; i-na-sú-in
Ennānum,94,94,onomasticon,Ennānum,en; en-na-nu-um
Aššur-imittī,93,93,lexicon; onomasticon,Aššur-imittī,a-šu-im-mì-tí; a-šur-i-mi-ti; a-šur-i-mi-tí; a-šur-i-mì-ti; a-šur-i-mì-ti-ma; a-šur-i-mì-tì; a-šur-i-mì-tí; a-šur-i-mì-tí-ma; a-šur-mì-tì; a-šur-mì-tí; a-šur-ì-mì-tí; a-šùr-i-mi-ti; a-šùr-i-mì-ti; a-šùr-i-mì-tí; a-šùr-i-mì-tí-i; a-šùr-i-mì-tí-ma; a-šùr-im-mì-tí; a-šùr-mì-ti; a-šùr-mì-tí; a-šùr-mì-tí-ma; {d}a-šur-i-mì-tí; {d}a-šur4-i-mì-tí; {d}a-šùr-i-mì-ti; {d}a-šùr-i-mì-tí; {m}a-šur-i-mì-tí; {m}a-šùr-i-mì-tí
Itūr-ilī,88,88,lexicon; onomasticon,Itūr-ilī,i-tur4-dingir; i-tur4-dingir-lim; i-tur4-dingir-ma; i-tur4-ì-lí; i-tù-ur-; i-tù-ur-dingir; i-tùr-dingir; {m}i-tur4-dingir
La-qep,88,88,onomasticon,La-qep; Lā-qēp,lá-qé-pu-um
Šu-Bēlum,85,85,onomasticon,Šu-Bēlum,šu-be; šu-be-lam
Šu-Kūbum,83,83,onomasticon,Šu-Kūbum,šu-ku-bi-im; šu-ku-bi4-im; šu-ku-bu-um
Aššur-ṭab,81,81,lexicon; onomasticon,Aššur-ṭab; Aššur-ṭāb,a-šu-ur-du10; a-šur-du; a-šur-du10; a-šur-du10-ma; a-šur-du10-ni; a-šur-du8; a-šur-dug; a-šur-dug-ma; a-šur-dùg; a-šur-dùg-ma; a-šur-ṭa-áb; a-šur-ṭá-áb; a-šùr-du-ma; a-šùr-du10; a-šùr-du10-ma; a-šùr-dug; a-šùr-dug-ma; a-šùr-dùg; a-šùr-dùg-ma; a-šùr-tab; a-šùr-ṭá-áb; {d}a-šur-dùg; {d}a-šùr-du10; {d}a-šùr-dug
Iddin-Aššur,71,71,lexicon; onomasticon,Iddin-Aššur,e-dì-na-a-šur; e-dì-na-a-šùr; e-dí-; e-dí-a-šur; e-dí-a-šùr; e-dí-in-; e-dí-in-a-šur; e-dí-in-a-šùr; e-dí-in-a-šùr-ma; e-dí-in={d}a-šùr; e-dí-na; e-dí-na-a-šur; e-dí-na-a-šùr; e-dí={d}a-šur-ma; i-di-a-šur; i-di-a-šùr; i-dì-a-šur; i-dì-a-šùr; i-dì-a-šùr-ma; i-dí; i-dí-a-šur; i-dí-a-šur-ma; i-dí-a-šùr; i-dí-a-šùr-ma; i-dí-i-šur; i-dí-in-a-šur; i-dí-in={d}a-šur; i-dí-in={d}a-šùr; i-dí-na-a-šur; i-dí={d}a-šur; i-dí={d}a-šùr; id-na-; id-na-a-šur; id-na-a-šur-ma; id-na-a-šùr; {m}i-dí-a-šùr; {m}i-dí-in-a-šùr; {m}i-dí-in-{d}a-šùr; ì-dí-a-šur
Ikūn-pīya,63,63,onomasticon,Ikūn-pīya,i-ku-pí-a
Ilī-bāni,60,60,lexicon; onomasticon,Ilī-bāni; Ilī-bānī,dingir-ba-ni; dingir-ba-ni-ma; dingir-il5-ba-ni; i-li-ba-ni; i-li-ba-ni-ma; il5-ba-ni; il5-ba-ni-ma; il5-li-ba-ni; ili5-ba-ni; ili5-ba-ni-ma; {d}il5-ba-ni; {m}il5-ba-ni; {m}ì-il5-ba-ni; ì-lí-ba-ni; ì-lí-ba-ni-ma
Aššur-nādā,60,60,lexicon; onomasticon,Aššur-nādā,a-šur-na-da; a-šur-na-da-ma; a-šur-na-id; a-šùr-na-da; a-šùr-na-da-ma; a-šùr-na-id; {d}a-šur-na-da; {d}a-šur-na-da-ma; {d}a-šùr-na-da; {d}a-šùr-na-da-ma
Aššur-bāni,55,55,lexicon; onomasticon,Aššur-bāni; Aššur-bānī,a-šur-ba-ni; a-šur-ba-ni-ma; a-šùr-ba-ni; a-šùr-ba-ni-ma; {d}a-šur-ba-ni; {d}a-šùr-ba-ni; {m}a-šur-ba-ni; {m}a-šùr-ba-ni
Ennam-Suen,55,55,lexicon,Ennam-Suen,e-na-su-in; e-na-sí-in; e-na-sú-en; e-na-sú-en6; e-na-sú-en6-ma; e-na-sú-in; e-na-sú-in-ma; e-nam-sú-en6; e-nam-sú-in; en-na-su-en; en-na-su-en6; en-na-su-in; en-na-su-in-ma; en-na-sú; en-na-sú-en; en-na-sú-en-ma; en-na-sú-en6; en-na-sú-en6-ma; en-na-sú-in; en-na-sú-in-ma; en-na-sú-ma; en-na-zu; en-na-zu-ma; en-na={d}en.zu; en-na={d}sú-en6; en-nam-sú-en6; en-nam-sú-in; en-nu-sú-in; en-nu-um-sú-in; en-um-sú-en6; en6-na-sú-en6; en6-na-sú-en6-ma; i-na-su-in; i-na-sí-in4; i-na-sú; i-na-sú-en; i-na-sú-en6; i-na-sú-en6-ma; i-na-sú-in; i-na-sú-in-ma; i-na-zu; in-na-sú-en6; {m}e-na-sú-en6; {m}en-na-sú-en6; {m}i-na-sú-en6
Adida,54,54,lexicon; onomasticon,Adida,a-di-da; a-dí-da; a-dí-da-a; a-dí-da-ma; a-dí-dá; a-dí-ta
Amur-Aššur,52,52,lexicon; onomasticon,Amur-Aššur,a-mu-ur-a-šu-ùr; a-mu-ur-a-šur; a-mu-ur-a-šùr; a-mur-a-šu-ùr; a-mur-a-šur; a-mur-a-šur-ma; a-mur-a-šùr; a-mur-a-šùr-ma; a-mur={d}a-šur; a-mur={d}a-šur-ma; a-mur={d}a-šùr; a-mur={d}a-šùr-ma
Belum-bani,50,50,lexicon; onomasticon,Belum-bani; Bēlum-bāni; Bēlum-bānī,be-lim-ba-ni; be-lu-ba-ni; be-lu-ba-ni-ma; be-lú-ba-ni; be-lúm-ba-lim; be-lúm-ba-ni; be-lúm-ba-ni-ma; bé-lu-ba-ni; bé-lu-ba-ni-ma; bé-lu-um-ba-ni; bé-lum-ba-ni; bé-lúm-ba-ni; bé-lúm-ba-ni-ma; {d}be-lúm-ba-ni; {m}be-lúm-ba-ni
Puzur-Ištar,49,49,lexicon; onomasticon,Puzur-Ištar,man-ištar; man.ištar; puzur4-iš-tar; puzur4-iš-tár; puzur4-ištar; puzur4.ištar; puzur4.ištar-ma; púzur-iš-tar; púzur-ištar; púzur-ša-ištar; púzur.be-ištar; púzur.ištar; púzur.ištar-ma; {m}púzur.ištar
Aššur-taklaku,47,47,lexicon; onomasticon,Aššur-taklaku; Aššur-taklāku,a-šu-ur-ta-ak-lá-ku; a-šu-ur-ta-ak-lá-ku-ma; a-šur-ta-ak-la-ak-ma; a-šur-ta-ak-la-ku; a-šur-ta-ak-la-ku-ma; a-šur-ta-ak-lá-ak; a-šur-ta-ak-lá-ak-ma; a-šur-ta-ak-lá-ku; a-šur-ta-ak-lá-ku-ma; a-šur-ta-at-lá-ku; a-šur-ta-ku-lá-ku; a-šur-ták-la-ku; a-šur-ták-la-ku-ma; a-šur-ták-lá-ak-ma; a-šur-ták-lá-ku; a-šur-ták-lá-ku-ma; a-šùr-ta-ak-la-ku; a-šùr-ta-ak-la-ku-ma; a-šùr-ta-ak-lá; a-šùr-ta-ak-lá-ak; a-šùr-ta-ak-lá-ak-ma; a-šùr-ta-ak-lá-ki; a-šùr-ta-ak-lá-ku; a-šùr-ta-ak-lá-ku-ma; a-šùr-ta-ak-lá-lu; a-šùr-ták-la-ku; a-šùr-ták-la-ku-ma; a-šùr-ták-lá-ak-ma; a-šùr-ták-lá-ku; a-šùr-ták-lá-ku-ma; {d}a-šur-ták-lá-ku; {d}a-šùr-ta-ak-lá-ku; {d}a-šùr-ták-la-ku; {d}a-šùr-ták-lá-ku; {m}a-šur-ták-lá-ku
Damiq-pi-Aššur,47,47,lexicon; onomasticon,Damiq-pi-Aššur; Damiq-pī-Aššur,da-mì-iq-pì-a-šur-ma; da-mì-iq-pí-a-šùr; dá-mì-iq-pì-a-šur-ma; dá-mì-iq-pì-a-šùr-ma; sig5-pì-a-šur; sig5-pì-a-šur-ma; sig5-pì-a-šùr; sig5-pì-i-a-šur; sig5-pì-i-a-šur-ma; sig5-pì-i-a-šùr; sig5-pì-i-a-šùr-ma; sig5-pí-a-šur; sig5-pí-a-šur-ma; sig5-pí-a-šùr; sig5-pí-a-šùr-ma; sig5-pí-i-a-šur; sig5-pí-i-a-šur-ma; sig5-pí-i-a-šùr; sig5-pí-i-a-šùr-ma
Pilah-Ištar,47,47,lexicon; onomasticon,Pilah-Ištar; Pilaḫ-Ištar,pi-la-ah-ištar; pì-la-ah-ištar; pì-lá-ah-ištar; pì-lá-ah-ištar-ma; pí-la-ah-ištar; pí-la-ah-ištar-ma; pí-lá-ah-ištar; pí-lá-ah-ištar-ma; pí-lá-hi-ištar; pí-lá-hi-ištar-ma
Amurrum-bāni,47,47,lexicon; onomasticon,Amurrum-bāni; Amurrum-bānī,a-mu-ru-ba-ni; a-mu-ru-ba-ni-ma; a-mu-ru-um-ba-ni; a-mu-ru-um-ba-ni-ma; a-mu-ur-ba-ni; ba-ni; ba-ni-i; mar.tu-ba-ni; mar.tu-ba-ni-ma; pá-ni-i; {d}mar.tu-ba-ni; {d}mar.tu-ba-ni-ma
Dan-Aššur,44,44,lexicon; onomasticon,Dan-Aššur; Dān-Aššur,da-an-a-šùr; da-na-a-šur; da-na-a-šur-ma; da-na-a-šùr; dan-a-šur; dan-a-šur-ma; dan-a-šùr; dan-a-šùr-ma; dan-na-a-šur; dan-na-a-šùr; dan={d}a-šur; dan={d}a-šur-ma; dan={d}a-šùr; {m}dan-a-šur; {m}dan-a-šùr
Aššur-bel-awatim,44,44,onomasticon,Aššur-bel-awatim; Aššur-bēl-awātim,a-šùr-be-el-a-wa-tim; a-šùr-be-lá-wa-tim
Šu-Anum,44,44,onomasticon,Šu-Anum,šu-a-nu-um; šu-a-num
Abu-šalim,43,43,onomasticon,Abu-šalim,a-bu-ša-lim
Iddin-Suen,43,43,lexicon; onomasticon,Iddin-Suen,e-dí-in-sú-en6; i-di-sú-en6; i-di-sú-in; i-di={d}en-zu; i-dì-sú-en6; i-dí-en.zu-ma; i-dí-su-en6; i-dí-su-en6-ma; i-dí-su-in; i-dí-sú-en; i-dí-sú-en-ma; i-dí-sú-en6; i-dí-sú-en6-ma; i-dí-sú-in; i-dí-sú-in-ma; i-dí-zu; i-dí={d}en.zu; i-dí={d}en.zu-ma; i-sú-en6
Aššur-idī,42,42,lexicon; onomasticon,Aššur-idī,a-šur-i-di; a-šur-i-dì; a-šur-i-dí; a-šur-i-dí-ma; a-šur-id-i; a-šùr-i-di; a-šùr-i-dì; a-šùr-i-dì-ma; a-šùr-i-dí; a-šùr-i-dí-ma; {d}a-šur-i-dí; {d}a-šur-i-dí-ma; {d}a-šùr-i-dí; {d}a-šùr-i-dí-ma; {m}a-šur-i-dì; {m}a-šùr-i-dí
Issu-arik,40,40,lexicon; onomasticon,Issu-arik,i-sú-a-ri-ik; i-sú-a-rik; i-sú-ri-ik; i-sú-ri-ik-ma; i-sú-ri-iq; i-sú-rik; i-sú-rik13; i-sú-sud; {m}i-sú-ri-ik
Ali-abum,39,39,onomasticon,Ali-abum,a-la-bu-um; a-lá-bi-im; a-lá-bi4-im; a-lá-bu-um
Aššur-šamši,38,38,lexicon; onomasticon,Aššur-šamši; Aššur-šamšī,a-šur-utu; a-šur-utu-ši; a-šur-utu-ši-ma; a-šur-ša-am-ší; a-šur={d}utu; a-šur={d}utu-ma; a-šur={d}utu-ši; a-šur={d}utu-ši-ma; a-šur={d}utu-ší; a-šùr-utu; a-šùr-utu-ma; a-šùr-utu-ši; a-šùr-utu-ši-ma; a-šùr-{d}utu-ši; a-šùr-{d}utu.si; a-šùr-ša-am-ší; a-šùr={d}utu; a-šùr={d}utu-ma; a-šùr={d}utu-ši; a-šùr={d}utu-ši-ma; a-šùr={d}utu-ší; {d}a-šur-{d}utu-ši; {d}a-šur-{d}utu-ší; {d}a-šur={d}utu-ší
Puzur-Anna,34,34,lexicon; onomasticon,Puzur-Anna,man-a-na; man-a-na-ma; puzur4-a-na; puzur4-a-na-ma; puzur4-e-na; puzur4-en-na; púzur-a-na; púzur-a-na-ma; {m}puzur4-a-na; {m}púzur-a-na
Ataya,33,33,onomasticon,Ataya; Atāya,a-ta; a-ta-a; a-ta-a-a; a-ta-i-a
Šalim-wardī,33,33,lexicon; onomasticon,Šalim-wardī,ša-li-wa-ar-dí; ša-lim-a-ar-dí; ša-lim-ar-dim; ša-lim-ar-dí; ša-lim-wa-ar-dim; ša-lim-wa-ar-dim-ma; ša-lim-wa-ar-du; ša-lim-wa-ar-dí; ša-lim-wa-ar-dí-e; ša-lim-wa-ar-dí-ma; ša-lim-ìr-dí; še-lu-um-ar-dí; šu-lu-um-ur-dí
Uṣur-ša-Aššur,33,33,lexicon; onomasticon,Uṣur-ša-Aššur,u-ṣur-ša-a-šur; u-ṣú-ur-ša-a-šur; u-ṣú-ur-ša-a-šùr; {m}ú-ṣú-ur-ša-a-šur; ù-ṣur-ša-a-šùr; ù-ṣú-ur-ša-a-šur; ú-sú-ur-ša-a-šùr; ú-ṣur-ša-a-šur; ú-ṣur-ša-a-šur-ma; ú-ṣur-ša-a-šùr; ú-ṣur-ša-a-šùr-ma; ú-ṣur-ša-šùr-ma; ú-ṣú-ur-ša-a-šur; ú-ṣú-ur-ša-a-šur-ma; ú-ṣú-ur-ša-a-šùr; ú-ṣú-ur-ša-a-šùr-ma; ú-ṣú-ša-a-šùr
Šēp-Ištar,33,33,lexicon; onomasticon,Šēp-Ištar,šé-ep-ištar; šé-ep-ištar-ma; šé-pì-ištar; šé-pí-ištar
Šu-Aššur,33,33,lexicon; onomasticon,Šu-Aššur,su-a-šur; šu-a-šur; šu-a-šur-ma; šu-a-šùr; šu-a-šùr-ma; šu={d}a-šur; šu={d}a-šùr
Kurub-Ištar,32,32,lexicon; onomasticon,Kurub-Ištar,ku-ru-ub-ištar; ku-ur-ub-ištar; kur-be-ištar; kur-bi-ištar; kur-ub-; kur-ub-iš-tár; kur-ub-ištar; kur-ub-ištar-ma; qur-ub-ištar-ma
Ahu-waqar,30,30,lexicon; onomasticon,Ahu-waqar; Aḫu-waqar,a-hu-qar; a-hu-qar-ma; a-hu-qá-ar; a-hu-wa-qar; a-hu-wa-qar-ma; {m}a-hu-qar
Ikūnum,30,30,onomasticon,Ikūnum,i-ku-nu-um
Amur-Šamaš,30,30,lexicon; onomasticon,Amur-Šamaš,a-mur-{d}utu; a-mur={d}utu; a-mur={d}utu-ma; a-mur={d}utu-ši; a-mur={d}utu-ší; am-ur={d}utu; {m}a-mur-{d}utu
Aššuriš-tikal,30,30,lexicon; onomasticon,Aššuriš-tikal,a-šur-eš-tí-kál; a-šur-iš-ta-ki-il; a-šur-iš-ta-ki-il5; a-šur-iš-ta-ki-il5-ma; a-šur-iš-ta-kál; a-šur-iš-ti-kál; a-šur-iš-tí-kál; a-šur-iš-tí-kál-ma; a-šur-ìš-tí-kál; a-šùr-eš-tí-kál; a-šùr-iš-ta-ki-il5; a-šùr-iš-ta-kál; a-šùr-iš-ti-kál; a-šùr-iš-ti-kál-ma; a-šùr-iš-tí-kál; a-šùr-iš-tí-kál-ma; a-šùr-ìš-tí-kál; a-šùr-ìš-tí-kál-ma; {d}a-šur-iš-tí-kál; {d}a-šùr-iš-tí-kál; {m}a-šur-iš-tí-kál
Aššur-rē'ī,30,30,lexicon,Aššur-rē'ī,a-šur-e-um; a-šur-pa; a-šur-pa-lu; a-šur-re-i; a-šur-re-i-ma; a-šur-re-im; a-šur-sipa; a-šur-sipa-ma; a-šùr-pa; a-šùr-pa-lu; a-šùr-pa.zi; a-šùr-re-i-ma; a-šùr-sipa; a-šùr-sipa-ma; {d}a-šur-sipa; {d}a-šur-sipa-ma; {d}a-šùr-sipa-ma; {d}a-šùr-sipa-ú; {m}{d}a-šùr-sipa
Šu-Suen,30,30,lexicon; onomasticon,Šu-Suen,{m}šu-sú-en6; šu-su-en6; šu-sú-en; šu-sú-en-ma; šu-sú-en6; šu-sú-en6-ma; šu-sú-in; šu-sú-in-ma; šu-šu-en6; šu={d}en-zu; šu={d}en.zu
Lā-qēpum,30,30,onomasticon,Lā-qēpum,lá-qé-pu-um
Ištar-lamassī,29,29,lexicon; onomasticon,Ištar-lamassī,ištar-la-ma-sí; ištar-lá-ma-sí; ištar-lá-ma-sí-ma
Akuza,29,29,onomasticon,Akuza,a-gu-za; a-ku-za; a-ku-za-a
Lamassī,28,28,lexicon; onomasticon,Lamassī,la-ma-sà-am; la-ma-sí; la-ma-sí-ma; lá-ma-sí; lá-ma-sí-kà; lá-ma-sí-ma
Pūšu-kēn,28,28,lexicon; onomasticon,Pūšu-kēn,pu-šu-ke-en; pu-šu-ke-en-ma; pu-šu-ke-en6; pu-šu-ke-en6-ma; pu-šu-ke-in; pu-šu-ke-in-ma; pu-šu-ke-ma; pu-šu-ke-na; pu-šu-ke-nu-ma; pu-šu-ki-in; pu-šu-ki-in-ma
Aššur-lamassī,28,28,lexicon; onomasticon,Aššur-lamassī,a-šur-la-ma-sí; a-šur-la-ma-sí-ma; a-šur-lá-ma-sí; a-šur-lá-ma-sí-ma; a-šur-lá-na-sí; a-šùr-la-ma-sí; a-šùr-la-ma-sí-ma; a-šùr-lá-ma-sí; a-šùr-lá-ma-sí-ma; {d}a-šùr-la-ma-sí; {d}a-šùr-lá-ma-sí; {m}a-šur-lá-ma-sí; {m}a-šùr-lá-ma-sí
Elāli,27,27,lexicon; onomasticon,Elāli,e-la-li; e-la-li-a; e-la-li-ma; e-la-lí; e-la-lí-ma; e-lá-li; e-lá-li-a; e-lá-li-ma; e-lá-lì-a; e-lá-lí; e-lá-lí-a; e-lá-lí-ma
Belanum,26,26,onomasticon,Belanum; Bēlānum,be-lá-a-nim; be-lá-num; bé-lá-num
Ababa,25,25,lexicon; onomasticon,Ababa,a-ba-a-ba; a-ba-ba; a-ba-ba-a; a-ba-ba-a-a; a-ba-ba-a-a-ma; a-ba-ba-a-ma; a-ba-ba-ma; a-pa-pa; a-pá-pá
Ṭāb-ṣill-Aššur,25,25,lexicon; onomasticon,Ṭāb-ṣill-Aššur,du10-áb-ṣí-lá-a-šùr; du10-ṣi-lá-a-šur; du10-ṣi-lá-a-šùr; du10-ṣí-la-a-šur; du10-ṣí-la-a-šùr; du10-ṣí-li-a-šur; du10-ṣí-li-a-šùr; du10-ṣí-lá-a-šur; du10-ṣí-lá-a-šùr; du10-ṣí-lá-a-šùr-ma; du10-ṣí-lá-ištar; du10-ṣí-lá-šur; dug-áb-ṣí-lá-a-šur; dug-áb-ṣí-lá-a-šùr; dug-ṣi-la-a-šùr; dug-ṣi-lá-a-šùr; dug-ṣí-la-a-šur; dug-ṣí-li-a-šur; dug-ṣí-lá-a-šur; dug-ṣí-lá-a-šur-ma; dug-ṣí-lá-a-šùr; dug.mi-a-šur; dùg-ab-ṣí-li-a-šur; dùg-ab-ṣí-li-a-šùr; dùg-áb-ṣí-li-a-šur; dùg-áb-ṣí-li-a-šùr; dùg-áb-ṣí-lá-a-šur; dùg-ṣí-la-a-šur; dùg-ṣí-la-a-šur-ma; dùg-ṣí-la-a-šùr-ma; dùg-ṣí-li-a-šur; dùg-ṣí-li-a-šur-ma; dùg-ṣí-li-a-šùr; dùg-ṣí-lá-a-šur; dùg-ṣí-lá-a-šur-ma; dùg-ṣí-lá-a-šùr; dùg-ṣí-lí-a-šur; dùg-ṣí-lí-a-šur-ma; ṭá-áb-ṣi-lá-a-šur; ṭá-áb-ṣí-li-a-šur; ṭá-áb-ṣí-li-a-šùr; ṭá-áb-ṣí-lá-a-šur; ṭá-áb-ṣí-lá-a-šùr
Aššur-dan,25,25,lexicon; onomasticon,Aššur-dan; Aššur-dān,a-šur-da-an; a-šur-da-ni; a-šur-dan; a-šur-dan-ma; a-šùr-da-an; a-šùr-da-ni; a-šùr-dan; a-šùr-dan-ma; a-šùr-dan-ni; {d}a-šur-dan-ma; {d}a-šùr-dan; {m}{d}a-šùr-dan
Idnaya,25,25,onomasticon,Idnaya; Idnāya,id-na-a
Abiya,24,24,onomasticon,Abiya,a-be-a-a; a-be-e; a-be-i-a-a; a-bi-a; a-bi-a-a; a-bi4-a; a-bi4-a-a
Aššur-rabi,24,24,lexicon; onomasticon,Aššur-rabi,a-a-a-šùr-šùr-šùr-ra-ra-ra-bi-bi-bi; a-šu-gal; a-šu-ra-bi4; a-šur-gal; a-šur-gal-ma; a-šur-ra-bi; a-šur-ra-bi-ma; a-šur-ra-bi4; a-šùr-gal; a-šùr-gal-bi; a-šùr-gal-ma; a-šùr-ra-bi; a-šùr-ra-bi-ma; a-šùr-ra-bi4; {d}a-šùr-gal
Ah-šalim,24,24,onomasticon,Ah-šalim,ah-ša-lim
Anna-anna,24,24,lexicon,Anna-anna,a-na-a-na; a-na-a-na-ma; a-na-na; a-na-na-a; a-na-na-ma
Kura,23,23,lexicon; onomasticon,Kura; Kurā,ku-ra; ku-ra-a; ku-ra-a-a; ku-ra-a-ma; ku-ra-ma; ku-rá
Azu,22,22,lexicon; onomasticon,Azu,a-sú-ú; a-zu; a-zu-ma; a-zu-u; a-zu-ú; wa-ṣú
Annina,22,22,onomasticon,Annina,a-ni-na; a-ni-na-a
Mannum-kī-Aššur,20,20,lexicon; onomasticon,Mannum-kī-Aššur,ma-nu-ki-a-šur; ma-nu-ki-a-šur-ma; ma-nu-ki-a-šùr; ma-nu-ki-a-šùr-ma; ma-nu-ku-a-šur; ma-nu-um-ki-a-šur; ma-nu-um-ki-a-šùr; ma-nu-um-ki-{d}a-šur; ma-num-ki-a-šur; ma-num-ki-a-šur-ma; ma-num-ki-a-šùr; ma-num-ki-a-šùr-ma; {m}ma-nu-ki-a-šur
Šamaš-bāni,20,20,lexicon; onomasticon,Šamaš-bāni; Šamaš-bānī,{d}utu-ba-ni; {d}utu-ba-ni-ma; {m}{d}utu-ba-ni
Iddin-Ištar,20,20,lexicon; onomasticon,Iddin-Ištar,i-de-i-ištar; i-di-ištar; i-dí-in-ištar; i-dí-iš-tar; i-dí-ištar; i-dí-ištar-ma
Ṣilulu,19,19,lexicon; onomasticon,Ṣilulu; Ṣilūlu,sí-lu-lu; ṣi-lu-lu; ṣí-lu-lu; ṣí-lí-li-ma
Adad-bani,19,19,lexicon; onomasticon,Adad-bani; Adad-bāni; Adad-bānī,im-ba-ni; iškur-ba-ni; {d}im-ba-ni; {d}iškur-ba-ni; {d}iškur-ba-ni-ma
Manana,19,19,lexicon; onomasticon,Manana,ma-na-na; ma-na-na-ma
Zuba,18,18,lexicon; onomasticon,Zuba,zu-ba; zu-ba-ma; zu-pa; zu-pá; zu-pá-a; zu-pá-ma; ṣú-ba
Lulu,18,18,lexicon; onomasticon,Lulu,lu-li; lu-li-im; lu-lim; lu-lu; lu-lu-ma; lu-lu-um; lu-lu-ú; lu-lu-ú-ma; lu-ú-lu
Ilī-ālum,18,18,onomasticon,Ilī-ālum,-a-lim; ì-lí-a-lúm
Mannum-balum-Aššur,17,17,lexicon; onomasticon,Mannum-balum-Aššur; Mannum-bālum-Aššur,ma-ni-um-ba-lúm-a-šùr; ma-nu-ba-al-ma-a-šur; ma-nu-ba-li-a-šur; ma-nu-ba-lu-a-šur; ma-nu-ba-lu-um-a-šur; ma-nu-ba-lum-a-šur; ma-nu-ba-lúm-a-šur; ma-nu-ba-lúm-a-šur-ma; ma-nu-ba-lúm-a-šùr; ma-nu-ba-lúm-a-šùr-ma; ma-nu-um-ba-al-ma-a-šùr; ma-nu-um-ba-lu-a-šur; ma-nu-um-ba-lu-a-šùr; ma-nu-um-ba-lu-um-a-šur; ma-nu-um-ba-lu-um-a-šùr; ma-nu-um-ba-lum-a-šur; ma-nu-um-ba-lum-a-šùr; ma-nu-um-ba-lúm-a-šur; ma-nu-um-ba-lúm-a-šur-ma; ma-nu-um-ba-lúm-a-šùr; ma-nu-um-ba-lúm-a-šùr-ma; ma-num-ba-lu-a-šur; ma-num-ba-lu-um-a-šur; ma-num-ba-lu-um-a-šur-ma; ma-num-ba-lu-um-a-šùr; ma-num-ba-lu-um-a-šùr-ma; ma-num-ba-lum-a-šur; ma-num-ba-lum-a-šùr; ma-num-ba-lúm-a-šur; ma-num-ba-lúm-a-šur-ma; ma-num-ba-lúm-a-šùr; ma-num-ba-lúm-a-šùr-ma; ma-num-bá-lúm-a-šur; ma-num-bá-lúm-a-šùr; ma-núm-ba-lúm-a-šur
Ikūn-pī-Aššur,17,17,lexicon; onomasticon,Ikūn-pī-Aššur,i-ku-pi-a-šùr; i-ku-pì-a-šur; i-ku-pì-a-šur-ma; i-ku-pì-a-šùr; i-ku-pì-a-šùr-ma; i-ku-pí-a-šur; i-ku-pí-a-šur-ma; i-ku-pí-a-šùr; i-ku-pí-a-šùr-ma
Al-ṭab,17,17,lexicon; onomasticon,Al-ṭab; Al-ṭāb; Āl-ṭāb,a-al-du10; a-al-du10-ma; a-al-dug; a-al-dug-ma; a-al-dùg; a-al-dùg-ma; al-du10; al-du10-ma; al-dùg; al-dùg-ma
Aššur-rēṣī,17,17,lexicon; onomasticon,Aššur-rēṣī,a-šur-re-sí-ma; a-šur-re-ṣi; a-šur-re-ṣí; a-šur-re-ṣí-ma; a-šur-ri-sí; a-šùr-pa-ṣí; a-šùr-re-ṣi; a-šùr-re-ṣí; a-šùr-re-ṣí-ma
Inah-ilī,16,16,lexicon; onomasticon,Inah-ilī; Inaḫ-ilī,e-na-ah-; e-na-ah-dingir; e-na-ah-dingir-ma; e-na-ah-ì-li; e-na-ah-ì-lí; e-na-hi-dingir; e-na-hi-li; e-na-hi-lim; en-na-ah-ì-lí; i-na-ah-; i-na-ah-dingir; i-na-ah-dingir-ma; i-na-ah-i-lim; i-na-ah-ì-lí; {m}e-na-ah-dingir
Šalim-ahum,16,16,onomasticon,Šalim-ahum,ša-li-ma-hi-im; ša-lim-a-hi-im; ša-lim-a-hu-um; šál-lim-a-hi-im; šál-mah; šál-mu-hu-um
Kūn-ilum,16,16,onomasticon,Kūn-ilum,ku-ni-li; ku-ni-lim
Illil-bāni,15,15,onomasticon,Illil-bāni,i-li-il5-ba-ni
Kudātum,15,15,onomasticon,Kudātum,-tim; -tám; ku-da-tum; ku-da-tí-im; ku-ta-tí
Uzua,15,15,lexicon; onomasticon,Uzua,u-zu-a; ù-zu-a; ú-sú-a; ú-zu-a; ú-zu-a-a; ú-zu-a-ma; ú-zu-ú-a; ú-zu-ú-a-a-ma; ú-ṣú-ú-a
Dadaya,14,14,onomasticon,Dadaya,da-da
Šāt-Anna,14,14,lexicon,Šāt-Anna,ša-ad-a-na; ša-at-a-na; ša-at-a-na-ma; ša-da-na; ša-dá-na; ša-ta-na; ša-ta-na-ma
Amriya,14,14,onomasticon,Amriya,a-am-ri-a; am-ri-a
Šu-Laban,14,14,lexicon; onomasticon,Šu-Laban; Šu-Labān,šu-la; šu-la-ba-an; šu-la-ba-an-ma; šu-lá-ba; šu-lá-ba-an; šu-lá-ba-an-ma; šu={d}lá-ba-an
Uku,13,13,onomasticon,Uku,ú-ku
Suen-nādā,13,13,lexicon; onomasticon,Suen-nādā,en.zu-na-da; su-en6-na-da; sí-na-da; sù-na-da; sú-en-na-da; sú-en-na-da-ma; sú-en6-na-a; sú-en6-na-da; sú-en6-na-da-ma; sú-en6-na-dá; sú-i-na-da; sú-in-na-da; sú-in-na-da-ma; sú-na-da; zu-na-da; zu-na-da-ma; {d}en.zu-na-da
Ewarimuša,13,13,onomasticon,Ewarimuša,e-ra-mu-ša 94 959; e-wa-ri-mu-ša
Kurara,13,13,lexicon; onomasticon,Kurara,ku-ra-ra; ku-ra-ra-a; ku-ra-ra-ma; ku-ri-ra
Tūram-ilī,13,13,lexicon; onomasticon,Tūram-ilī,dur4-ma-li; tu-ra-am-ì-lí; tur4-ma-li; tù-ra-am-dingir; tù-ra-am-ì-lí; tù-ra-il5-ma; tù-ra-me-el; tù-ra-mì-dam-ma; tù-ra-mì-dingir; tù-ra-mì-il5; tù-ra-mì-il5-ma; tù-ra-mì-ili5; tù-ra-mì-ili5-ma; tù-ra-mì-li; tù-ra-ì-lí; tù-rá-am-ì-lí
Iliš-tikal,13,13,lexicon; onomasticon,Iliš-tikal,dingir-iš-ti-kál; dingir-iš-ti-kál-ma; dingir-iš-tá-kál; dingir-iš-tí-kal; dingir-iš-tí-kál; dingir-iš-tí-kál-ma; dingir-ìš-tí-kál; dingir-ìš-tí-kál-ma; i-li-ìš-tí-kál; i-lí-iš-ta-kál; i-lí-iš-tí-kà-al; i-lí-iš-tí-kál; i-lí-ìš-tí-kál; il-iš-tak-il; il5-iš-tí-kál; ili5-iš-tí-kál; {m}ì-lí-ìš-tí-kál; ì-li-ìš-tí-kál; ì-lí-iš-ta-ki-il5; ì-lí-iš-ta-ki-kál; ì-lí-iš-ta-kál; ì-lí-iš-ti-kál; ì-lí-iš-ti-kál-ma; ì-lí-iš-tu-kál; ì-lí-iš-tí-ki-il5; ì-lí-iš-tí-kà-al; ì-lí-iš-tí-kál; ì-lí-iš-tí-kál-ma; ì-lí-ìš-ta-ki-il5; ì-lí-ìš-tí-kál; í-lí-iš-tí-kà-al
Maṣi-ili,13,13,lexicon; onomasticon,Maṣi-ili; Maṣi-ilī,ma-sí-li; ma-sú-ì-lí; ma-ṣi-ì-lí; ma-ṣí-an; ma-ṣí-dingir; ma-ṣí-dingir.me-eš; ma-ṣí-dingir.meš; ma-ṣí-li; ma-ṣí-lí; ma-ṣí-ì-li; ma-ṣí-ì-lí; ma-ṣí-ì-lí-m; ma-ṣí-ì-lí-ma; {m}ma-ṣí-dingir; {m}ma-ṣí-dingir.me-eš; {m}ma-ṣí-dingir.meš
Iddin-Kubum,12,12,onomasticon,Iddin-Kubum; Iddin-Kūbum,i-dí-ku-bu-um
Aššur-nimrī,12,12,lexicon; onomasticon,Aššur-nimrī,a-šur-ni-im-ri; a-šur-ni-iw-ri; a-šur-ni-wa-ri; a-šur-ni-wa-ri-ma; a-šur-nim-ri; a-šur-nim-ri-ma; a-šùr-ni-im-ri; a-šùr-ni-iw-ri; a-šùr-ni-wa-ri; a-šùr-ni-wa-ri-ma; a-šùr-ni-wi-ri; a-šùr-nim-ri; a-šùr-nim-ri-ma; {m}a-šùr-ni-im-ri
Šu-Tammuzi,12,12,lexicon; onomasticon,Šu-Tammuzi,šu-ta-mu-zi; šu={d}dumu-zi-ma; šu={d}dumu.zi; šu={d}dumu.zi-ma
Aššur-<gap>,11,11,onomasticon,Aššur-<gap>,a-šur-<gap>; a-šùr-<gap>
Adad-rabi,11,11,lexicon; onomasticon,Adad-rabi,{d}im-gal; {d}im-ra-bi; {d}im-ra-bi4; {d}im-ra-bi4-ma; {d}im-ra-bí; {d}im.gal; {d}im.gal-ma; {d}iškur-ra-bi; {d}iškur-ra-bi4; {d}iškur-re-be; {d}iškur-ri-bi4; {d}iškur.gal; {d}iškur.gal-ma; {m}{d}im.gal; {m}{d}iškur-gal; {m}{d}iškur.gal
Ibni-Adad,11,11,lexicon; onomasticon,Ibni-Adad,ib-na={d}im; ib-na={d}iškur; ib-ni-a-iškur; ib-ni-{d}im; ib-ni={d}im; ib-ni={d}im-ma; ib-ni={d}iškur; ib-ni={d}iškur-ma; {m}ib-ni-a-du; {m}ib-ni-{d}iškur
Aššur-ennam,11,11,onomasticon,Aššur-ennam,a-šùr-e-na; a-šùr-e-nam
Peruwa,11,11,lexicon,Peruwa,be-ra-a; be-ru-a; bi-ra-wa; bi4-ra-a; bé-ru-wa; bé-ru-wa-a; pá-ru-a-wa; pè-er-wa; pè-ru-a; pè-ru-wa; pè-ru-wa-a; pé-er-wa; pé-ri-wa; pé-ru-a; pé-ru-wa; pì-ru-a; pì-ru-wa; pí-ir-wa
Šuli,11,11,lexicon; onomasticon,Šuli,šu-li; šu-li-i; šu-li-im; šu-li-ma; šu-lí; šu-lí-ma
Šalim-bēlī,10,10,lexicon; onomasticon,Šalim-bēlī,ša-li-be-li; ša-li-be-lí; ša-lim-be-li; ša-lim-be-lim; ša-lim-be-lí; ša-lim-bé-li; ša-lim-bé-lí
Aššur-emūqī,10,10,lexicon; onomasticon,Aššur-emūqī,a-šur-e-mi-qí; a-šur-e-mu-qí; a-šur-e-mu-qí-ma; a-šur-i-mu-qí; a-šùr-e-mu-qí; a-šùr-e-mu-qí-ma; {d}a-šur-e-mu-qí-ma
Amur-šarrassa,10,10,lexicon; onomasticon,Amur-šarrassa,a-mu-ur-ša-ra-sà; a-mu-ur-ša-ra-sà-ma; a-mu-ur-ša-ra-sú; a-mur-ša-ra-sà
Asānum,10,10,onomasticon,Asānum,a-sà-num
Ummī-Išhara,10,10,lexicon; onomasticon,Ummī-Išhara; Ummī-Išḫara,um-me-iš-ha-ra; um-mì-iš-ha-ra; um-mì-iš-ha-ra-ma
Ennam-ilī,10,10,lexicon; onomasticon,Ennam-ilī,e-na-dingir; e-nam-ì-lí; e-nu-el; e-nu-me-el; e-nu-me-ili5; e-nu-mì-il5; e-nu-mì-il5-ma; e-nu-mì-ili5; e-nu-mì-ili5-ma; e-nu-um-dingir; e-nu-um-ì-lí; en-na-il5; en-na-ì-lí; en-nam-dingir; en-nam-ì-lí; en-nu-um-dingir; en-nu-um-ì-lí; en-num-ì-lí; en-um-dingir; en-um-ili5; en-um-ì-lí
Puzur-Adad,9,9,lexicon; onomasticon,Puzur-Adad,puzur4-{d}iškur; puzur4={d}im; puzur4={d}iškur; puzur4={d}iškur-ma; púzur={d}iškur; púzur={d}iškur-ma
Kuzallu,9,9,lexicon,Kuzallu,itu.kam-ku-zal-li; ku-za-li-a; ku-zal-li; ku-zal-lim; ku-zal-lim-ma; ku-zal-lu; ku-zal-lá; ku-zal-lúm; ku-zal-lúm-ma
Dudiki,9,9,lexicon; onomasticon,Dudiki,du-di-ka; du-dí-ki; tù-dí-ki; tù-tí-ki
Būr-Suen,9,9,lexicon; onomasticon,Būr-Suen,bu-ur-su-en6; bu-ur-su-in; bu-ur-sú-en; bu-ur-sú-en6; bu-ur-sú-en6-ma; bu-ur-sú-in; bur-; bur-sú-en; bur-sú-en6; bur-sú-en6-ma; bur-sú-in
Dada,9,9,lexicon; onomasticon,Dada; Dadā,da-da; da-da-a; da-da-a-a; da-da-a-a-ma; da-da-a-ma; da-da-ma; da-dí-im; da-tí-im; dá-dá-a; ta-da-ma; ta-dá; ta-dá-ma; ta-dí-i-im; ta-ta; ta-ta-a; ta-ta-ma; ta-ta-ma-a; ta-ta-wa-a; ta-tim; {m}da-da-a; ṭa-tim
Šumma-libbi-Aššur,9,9,lexicon; onomasticon,Šumma-libbi-Aššur,{m}šu-ma-li-bi4-a-šur; šu-ma-li-ba-a-šur; šu-ma-li-ba-a-šur-ma; šu-ma-li-ba-a-šùr; šu-ma-li-ba-a-šùr-ma; šu-ma-li-bi-a-šur; šu-ma-li-bi-a-šur-ma; šu-ma-li-bi-a-šùr; šu-ma-li-bi-a-šùr-ma; šu-ma-li-bi4-a-šur; šu-ma-li-bi4-a-šur-ma; šu-ma-li-bi4-a-šùr; šu-ma-li-bi4-a-šùr-ma; šu-ma-li-bí-a-šur; šu-ma-li-bí-a-šur-ma; šu-ma-li-bí-a-šùr; šu-ma-li-bí-a-šùr-ma
Imdī-ilum,9,9,onomasticon,Imdī-ilum,im-dí-lu-um
Adad-pilah,9,9,lexicon; onomasticon,Adad-pilah; Adad-pilaḫ,{d}im-pì-la-ah; {d}im-pì-lá-ah; {d}im-pí-la-ah; {d}im-pí-lá-ah; {d}iškur-pì-la-ah; {d}iškur-pì-lá-ah; {d}iškur-pí-la-ah; {d}iškur-pí-la-ah-ma; {d}iškur-pí-lá-ah; {d}iškur-pí-lá-ah-ma
Ištar-pilah,9,9,lexicon; onomasticon,Ištar-pilah; Ištar-pilaḫ,ištar-pì-la-ah; ištar-pì-lá-ah; ištar-pì-lá-ah-ma; ištar-pì-lá-ištar; ištar-pí-la-ah; ištar-pí-la-ah-ma; ištar-pí-lá-ah; ištar-pí-lá-ah-ma; {d}ištar-pì-lá-ah; {d}ištar-pí-lá-ah
Ennam-Adad,9,9,lexicon; onomasticon,Ennam-Adad,e-na-am={d}im; e-na-am={d}iškur; e-na={d}im; e-na={d}im-ma; e-na={d}iškur; e-na={d}iškur-ma; e-nam={d}im; e-nam={d}iškur; e-nu={d}im; e-nu={d}im-ma; e-nu={d}iškur; e-nu={d}iškur-ma; e-num={d}im; e-num={d}iškur; en-am={d}im; en-am={d}iškur; en-na={d}im; en-na={d}im-ma; en-na={d}iškur; en-na={d}iškur-ma; en-nam={d}im; en-nam={d}im-ma; en-nam={d}iškur; en-nam={d}iškur-ma; en-nu-um={d}iškur; en-nu={d}im; en-nu={d}im-ma; en-nu={d}iškur; en-nu={d}iškur-ma; en-num={d}im; en-num={d}iškur; en-um-{d}im; en-um={d}im; en-um={d}im-ma; en-um={d}iškur; en-um={d}iškur-ma
Luzina,9,9,lexicon; onomasticon,Luzina,lu-za-na; lu-zi-na; lu-zi-na-ma; lu-zi-ni; lú-zi-na
Ilī-kurub,9,9,lexicon; onomasticon,Ilī-kurub,dingir-ku-ru-ub; dingir-kur-ub; dingir-lu-ku-ru-ub; i-lu-ku-ru-ub; {m}dingir-kur-ub
Luzi,9,9,lexicon; onomasticon,Luzi,lu-zi; lu-zi-i; lu-ṣí-i
Nimar-Ištar,9,9,lexicon; onomasticon,Nimar-Ištar,ni-ma-ar-ištar; ni-mar-ištar; ni-mar-ištar-ma; ni-wa-ar-ištar; nu-mar-ištar
Erišum,9,9,onomasticon,Erišum,i-ri-šu-um; i-ri-šum; i-ri-ší-im
Ṭab-Aššur,9,9,lexicon; onomasticon,Ṭab-Aššur; Ṭāb-Aššur,du10-a-šur; du10-a-šùr; du10={d}a-šùr; dug-a-šur; dug-a-šur-ma; dug-a-šùr; dug-ba-a-šur; dug-ba-a-šùr; dùg-a-šur; dùg-a-šur-ma; dùg-a-šùr; dùg-a-šùr-ma; dùg-ba-a-šùr; ta-be-a-šùr; ta-bi4-a-šùr; ṭá-ab-a-šùr; ṭá-bi4-a-šur; ṭá-áb-a-šur; ṭá-áb-a-šùr
Anah-ili,8,8,lexicon; onomasticon,Anah-ili; Anaḫ-ilī,a-na-ah-dingir; a-na-ah-dingir-ma; a-na-ah-il5; a-na-ah-li; a-na-ah-ì-li; a-na-ah-ì-lí; a-na-ah-ì-lí-ma; a-na-hi-dingir; a-na-hi-il5; a-na-hi-ili5; a-na-hi-li; {m}a-na-ah-ì-lí
Alili,8,8,onomasticon,Alili,a-li-li; a-li-lim
Uṣur-ša-Ištar,8,8,lexicon; onomasticon,Uṣur-ša-Ištar,u-ṣur-ša-ištar; u-ṣú-ur-ša-ištar; ù-ṣú-ur-ša-ištar; ù-ṣú-ur-ší-ištar; ú-ṣur-ša-ištar; ú-ṣur-ša-ištar-ma; ú-ṣur-ša-u-dar; ú-ṣur-ši-ištar; ú-ṣur-ší-ištar; ú-ṣur-ší-ištar-ma; ú-ṣú-ur-ša-i; ú-ṣú-ur-ša-ištar; ú-ṣú-ur-ša-ištar-ma; ú-ṣú-ur-ší-iš8-tár; ú-ṣú-ur-ší-ištar; ú-ṣú-ur-ší-ištar-ma; ú-ṣú-ṣur-ša-ištar
Iddin-Adad,8,8,lexicon; onomasticon,Iddin-Adad,i-di={d}iškur; i-dì={d}im; i-dì={d}iškur; i-dí-in={d}im; i-dí-in={d}iškur; i-dí-in={d}iškur-ma; i-dí-iškur; i-dí-iškur-ma; i-dí-na-{d}im; i-dí-na={d}im; i-dí={d}im; i-dí={d}im-ma; i-dí={d}iškur; i-dí={d}iškur-ma
Aššur-ṣulūlī,8,8,lexicon; onomasticon,Aššur-ṣulūlī,a-šur-andul; a-šur-andul-ma; a-šur-dùl; a-šur-dùl-ma; a-šur-ṣú-lu-li; a-šur-ṣú-lu-li-ma; a-šur-ṣú-lu-lí; a-šùr-an.dùl; a-šùr-andul; a-šùr-dùl; a-šùr-dùl-ma; a-šùr-ṣú-lu-li; a-šùr-ṣú-lu-li-ma
Amur-ilī,8,8,lexicon; onomasticon,Amur-ilī,a-mu-ur-dingir; a-mur-dingir; a-mur-dingir-ma; a-mur-dingir-su; a-mur-i-lu-um; a-mur-ili5; a-mur-ì-lí; za-mur-ì-lí; {m}a-mur-dingir
Adad-ellat,8,8,lexicon; onomasticon,Adad-ellat,a-de8-la-at; a-de8-lá-at; a-dí-la-at; a-dí-lá-at; {d}im-illat; {d}im.illat; {d}im.illat-at; {d}iškur.illat; {d}iškur.illat-at
Nabi-Suen,8,8,lexicon; onomasticon,Nabi-Suen,na-ab-sú-en; na-ab-sú-en6; na-ab-sú-in; na-ab-šu-e; na-ab={d}en.zu; na-bi-en.zu; na-bi-sú-en; na-bi-sú-en6; na-bi-sú-in; na-bi-zu; na-bi4-sú; na-bi4-sú-en6; na-bi4-zu; na-áb-su-in; na-áb-sú; na-áb-sú-en; na-áb-sú-en-ma; na-áb-sú-en6; na-áb-sú-en6-ma; na-áb-sú-in; na-áb-sú-in-ma; na-áb-sú-in4; na-áb-zu; na-áb={d}en.zu; na-áp-sú-en6; {m}na-áb-sú-en6
Ilī-nādā,8,8,lexicon; onomasticon,Ilī-nādā,dingir-na-da; dingir-na-da-ma; ì-lí-na-da
Ṣilli-Ištar,8,8,lexicon; onomasticon,Ṣilli-Ištar; Ṣillī-Ištar,ge6-li-ištar; gi6-li-ištar; gi6-li-ištar-ma; mi-li-iš8-tár; mi-li-ištar; mi-lí-ištar; mi.ištar; sí-li-ištar; {d}ṣí-li-ištar; {m}mi-li-ištar; ṣí-li-ištar; ṣí-li-ištar-tár; ṣí-lí-ištar
Ibni-ili,8,8,lexicon; onomasticon,Ibni-ili; Ibni-ilī,ib-ni-dingir; ib-ni-lí; ib-ni-ì-lí
Idi-bani,8,8,lexicon; onomasticon,Idi-bani; Idi-bāni; Idi-bānī,i-dí-ba-ni; ni-dí-ba-ni; ni-i-de-ba-ni; ni-té-ba-ni; ì-dí-ba-ni
Dadānum,8,8,onomasticon,Dadānum,da-da-nim; da-da-nu-um
Ab-šalim,7,7,onomasticon,Ab-šalim,áb-ša-lim
Ṣill-Adad,7,7,lexicon,Ṣill-Adad,gi6={d}im; gi6={d}iškur; mi-li={d}im; mi-li={d}im-ma; mi-li={d}iškur; mi={d}im; mi={d}iškur; ṣa-lá={d}iškur; ṣí-la-da-ad; ṣí-la={d}im; ṣí-la={d}iškur; ṣí-li={d}im; ṣí-li={d}iškur; ṣí-li={d}iškur-ma; ṣí-lá-da-ad; ṣí-lá={d}im; ṣí-lá={d}im-ma; ṣí-lá={d}iškur; ṣí-lá={d}iškur-ma
Ilšu-rabi,7,7,lexicon; onomasticon,Ilšu-rabi,dingir; dingir-šu-gal; dingir-šu-ra-bi; dingir-šu-ra-bi4; dingir-šu-ra-bí; i-li-šu-gal; i-li-šu-ra-bi; il5-šu-gal; ì-li-šu-gal; ì-lí-šu-gal; ì-lí-šu-ra-bi; ì-lí-šu-ra-bi4
Šu-Išhara,7,7,lexicon; onomasticon,Šu-Išhara; Šu-Išḫara,sú-is-ha-ra; šu-eš-ha-ra; šu-iš-ha-ra; šu-iš-ha-ra-a; šu-iš-ha-ra-ma; šu-ìš-ha-ra
Innāya,7,7,onomasticon,Innāya,i-na-a; i-na-a-a
Ilabrat-bāni,7,7,lexicon; onomasticon,Ilabrat-bāni; Ilabrat-bānī,i-lá-ab-ra-at-ba-ni; i-lá-ab-ra-at-ba-ni-ma; i-lá-ap-ra-at-ba-ni; i-lá-áb-ra-at-ba-ni; i-lá-áb-ra-at-ba-ni-ma; i-lá-áp-ra-at-ba-ni; i-lá-áp-ra-at-ba-ni-ma; nin.šubur-ba-ni; nin.šubur-ba-ni-ma; {d}andul.šubur-ba-ni; {d}nin.šubur-ba-ni; {d}nin.šubur-ba-ni-ma; {d}šubur-ba-ni
Pilah-Aššur,7,7,lexicon; onomasticon,Pilah-Aššur; Pilaḫ-Aššur,pì-la-ah-a-šur; pì-la-ah-a-šùr; pì-lá-ah-a-šur; pì-lá-ah-a-šùr; pí-la-ah-a-šur; pí-la-ah-a-šur-ma; pí-la-ah-a-šùr; pí-la-ah-šur; pí-la-ah-šúr; pí-lá-ah-a-šur; pí-lá-ah-a-šur-ma; pí-lá-ah-a-šùr; pí-lá-ah-a-šùr-ma; pí-lá-ah={d}a-šùr-ma; pí-lá-ha-a-šur
Aššur-muttabbil,7,7,lexicon,Aššur-muttabbil,a-šur-mu-ta-be-el; a-šur-mu-ta-bi-il5; a-šur-mu-ta-bi-il5-ma; a-šur-mu-ta-bi4-il; a-šur-mu-ta-bi4-il5; a-šur-mu-ta-bi4-il5-ma; a-šur-mu-ta-bíl; a-šur-mu-ta-pì-il5; a-šur-mu-ta-pí-il5; a-šur-mu-ta-píl; a-šur4-mu-ta-bi4-il5; a-šùr-mu-ta-be-el; a-šùr-mu-ta-bi-il5; a-šùr-mu-ta-bi-il5-ma; a-šùr-mu-ta-bi4-il5; a-šùr-mu-ta-bi4-il5-ma; a-šùr-mu-ta-bíl; a-šùr-mu-ta-pì-il5; a-šùr-mu-ta-pì-il5-ma; a-šùr-mu-ta-pí-il5; a-šùr-mu-ta-pí-il5-ma; a-šùr-mu-ta-píl; {d}a-šur-mu-ta-bi-il5; {m}a-šùr-mu-ta-bi4-il5
Aššur-damiq,7,7,lexicon; onomasticon,Aššur-damiq,a-šur-da-mì-iq; a-šur-dá-mì-iq; a-šur-sig5; a-šur-sig5-ma; a-šùr-sig5; a-šùr-sig5-ma; a-šùr={d}sig5; {d}a-šùr-sig5; {d}a-šùr-sig5-ma
Puzur-Suen,7,7,lexicon; onomasticon,Puzur-Suen,man-sú-en6; pu-zu-ur-sú-en; pu-zu-ur-sú-en-ma; pu-zu-ur-sú-en6; pu-zu-ur-sú-en6-ma; pu-zu-ur-sú-in; pu-zu-ur-sú-in-ma; puzur4-sú-en; puzur4-sú-en-ma; puzur4-sú-en6; puzur4-sú-en6-ma; puzur4-sú-in; puzur4-sú-in-ma; puzur4.-en.zu; puzur4.en.zu-ma; puzur4={d}en.zu; púzur-sú-en; púzur-sú-en-ma; púzur-sú-en6; púzur-sú-en6-ma; púzur-sú-in; púzur-sú-in-ma
Yaya,7,7,onomasticon,Yaya,i-a-a
Ennam-Anum,7,7,onomasticon,Ennam-Anum,e-na-ma-nim
Kukkulānum,7,7,onomasticon,Kukkulānum,ku-ku-lá-nim
Aššur-pilah,6,6,lexicon; onomasticon,Aššur-pilah; Aššur-pilaḫ,a-šur-pì-lá-ah; a-šur-pí-lá-ah; a-šùr-pì-lá-ah; a-šùr-pí-lá-ah; {m}a-šur-pì-lá-ah
Irnuid,6,6,lexicon; onomasticon,Irnuid,er-nu-id; ir-nu-i-it; ir-nu-id; ir-nu-it; ir-nu-it-ma
Salimma,6,6,lexicon; onomasticon,Salimma; Šalimma,sà-lim-ma; ša-li-i-ma; ša-li-im-ma; ša-li-ma; ša-lim-ma; ša-lim-ma-a
Ilī-wēdāku,6,6,lexicon; onomasticon,Ilī-wēdāku,dingir-we-da-ak-ma; dingir-we-da-ku; dingir-we-e-da-ku; il-we-da-ku; il5-me-da-ak; il5-me-da-ku; il5-me-da-ku-ma; il5-me-ta-ku; il5-we-da-ak; il5-we-da-ak-ma; il5-we-da-ku; il5-we-da-ku-ma; ili5-e-da-ku; ili5-me-da-ku; ili5-we-da-ak; ili5-we-da-ak-ma; ili5-we-da-ku; ili5-we-da-ku-ma; ili5-we-dá-ak; {m}ì-lí-we-da-ku; ì-lí-we-da-ku; ì-lí-we-da-ku-ma; ì-lí-we-da-kù; ì-lí-we-da-kù-ma
Šu-Ilabrat,6,6,lexicon; onomasticon,Šu-Ilabrat,šu-i-la-áb-ra-at; šu-i-lá-áb-ra-at; šu-la-áb-ra-at; šu-la-áp-ra-at; šu-lá-ap-ra-at; šu-lá-nin.šubur; šu-lá-áb-ra-at; šu-lá-áp-ra-at; šu-nin.šubur; šu={d}nin.šubur; šu={d}nin.šubur-ma
Watrum,6,6,onomasticon,Watrum,si.a-im
Aššur-dūrī,6,6,lexicon; onomasticon,Aššur-dūrī,a-šur-du-ri; a-šur-du-ri-i; a-šùr-du-ri; a-šùr-du-ri-ni
Puzur-Ti'amtum,6,6,onomasticon,Puzur-Ti'amtum,puzur4-tí-a-am-tim
Ilī-dān,6,6,lexicon; onomasticon,Ilī-dān,dingir-dan; i-li-da-num; i-lí-dan; ì-lí-da-num; ì-lí-dan; ì-lí-dan-ma
Lipit-Ištar,6,6,lexicon; onomasticon,Lipit-Ištar,li-ip-it-ištar; li-ip-it-ištar-ma; li-ip-ištar; li-ip-tí-iš8-tár; li-ip-tí-ištar; li-ip-tí-ištar-ma; li-pì-it-ištar; li-pì-it-ištar-ma; li-pí; li-pí-it-ištar; li-pí-it-ištar-ma; li-pí-it-ištar-tár; li-pí-ištar; li-pí-tí-it-ištar; li-pí-tí-ištar; {m}li-ip-tí-ištar
Susāya,6,6,onomasticon,Susāya; Šusāya,sú-sá-a; šu-sá-a; šu-za-a
Ikūn-pī-Ištar,6,6,lexicon; onomasticon,Ikūn-pī-Ištar,i-ku-pì-ištar; i-ku-pí-ištar; i-ku-pí-ištar-ma; i-ku-pí-ištar-tár
Abi-ili,6,6,onomasticon,Abi-ili; Abi-ilī; Abī-ilī,a-bi-lí; a-bi-ì-lí; a-bi4-dingir
Ištar-pālil,6,6,lexicon; onomasticon,Ištar-pālil,ištar-pa-li-il5; ištar-pá-li-il5; ištar-pá-li-lu; ištar-pá-lí-il5; ištar.du.igi; ištar.igi.du
Aduda,6,6,lexicon; onomasticon,Aduda; Adudā,a-du-da; a-du-da-a; a-du-da-ma; a-du-ta; a-du-ta-a
Tutaya,6,6,onomasticon,Tutaya,tù-ta-a
Adad-ṣululi,5,5,lexicon; onomasticon,Adad-ṣululi; Adad-ṣululī; Adad-ṣulūlī,im-ṣú-lu-li; {d}im-andul; {d}im-andul-ma; {d}im-ṣú-lu-li; {d}im-ṣú-lu-li-ma; {d}im.andul; {d}im.andul-ma; {d}im.dùl; {d}iškur-ṣú-andul; {d}iškur-ṣú-lu-li; {d}iškur-ṣú-lu-li-ma; {d}iškur-ṣú-lu-lí; {d}iškur.andul; {d}iškur.andul-ma; {d}iškur.dùl; {d}iškur.dùl-ma
Išme-ilum,5,5,onomasticon,Išme-ilum,iš-me-lam
Hanana,5,5,lexicon; onomasticon,Hanana; Ḫanana,ha-na-na; ha-na-nim; ha-na-nu
Eddin-Aššur,5,5,onomasticon,Eddin-Aššur,e-dí-in-a-šur; e-dí-in-a-šùr
Aššur-kāšid,5,5,lexicon; onomasticon,Aššur-kāšid,a-šur-ka-ši-id; a-šur-kà-ší-id; a-šur-kà-ší-id-ma; a-šùr-ka-ší-id; a-šùr-ka-ší-id-ma; a-šùr-kà-ší-id; a-šùr-kà-ší-id-ma
Ṣilluš-Dagān,5,5,lexicon; onomasticon,Ṣilluš-Dagān,ṣí-lu-uš-da-ga-an; ṣí-lu-uš-da-gan; ṣí-lu-uš-da-gán; ṣí-lu-šu-da-ga-an
Ememe,5,5,lexicon; onomasticon,Ememe,e-e-me-me; e-me-ma; e-me-me; e-me-me -i; e-me-me-i; i-me-me; i-mì-mì
Ušhata,5,5,onomasticon,Ušhata,uš-ha-ta; ú-uš-ha-ta
Zikiki,5,5,onomasticon,Zikiki,zi-ki-ki
Išme-Aššur,5,5,lexicon; onomasticon,Išme-Aššur,is-ma-a-šùr-ma; iš-ma-; iš-ma-a-šur; iš-ma-a-šur-ma; iš-ma-a-šùr; iš-ma-a-šùr-ma; iš-me-; iš-me-a-šur; iš-me-a-šùr; iš-me-a-šùr-ma; iš-me={d}a-šur; iš-me={d}a-šur-ma
Aššur-nīšu,5,5,lexicon; onomasticon,Aššur-nīšu,a-šur-ni-ša-am; a-šur-ni-šu; a-šur-ni-šu-ma; a-šur-ni-ší-im; a-šùr-ni-ši-im; a-šùr-ni-šu; a-šùr-ni-šu-ma; a-šùr-ni-šu-um; a-šùr-ni-ší-im; {d}a-šur-ni-šu; {m}a-šùr-ni-šu
Azuza,5,5,lexicon; onomasticon,Azuza,a-zu-za; a-zu-za-a; a-zu-za-a-a; a-zu-za-a-ma; a-zu-za-ma
Aššur-massu'ī,5,5,lexicon; onomasticon,Aššur-massu'ī,a-šur-ma-as-wi; a-šur-ma-sú-e; a-šur-ma-sú-i; a-šur-ma-sú-i-ma; a-šur-ma-sú-wi; a-šur-ma-sú-wi-ma; a-šur-ma-ṣú-i; a-šur-ma-ṣú-i-ma; a-šùr-ma-sú-i; a-šùr-ma-sú-i-ma; a-šùr-ma-sú-wi; a-šùr-ma-sú-wi-ma; a-šùr-ma-ṣú-i-ma; da-šur-ma-a-sú
Aliya,5,5,onomasticon,Aliya,a-li-a
Buzi,5,5,lexicon; onomasticon,Buzi,bu-zi; bu-ṣí
Zu,5,5,lexicon,Zu,sú-ú; zu-ú
Šar-Suen,5,5,lexicon,Šar-Suen,lugal-sú-en6; lugal-sú-in; ša-ra-sú-en6
Ištar-ilšu,5,5,lexicon; onomasticon,Ištar-ilšu,ištar-dingir-šu; ištar-el-šu; ištar-il5-šu; ištar-il5-šu-ma; ištar.dingir; ištar.dingir-šu; ištar.dingir-šu-ma
Šu-Hubur,5,5,lexicon; onomasticon,Šu-Hubur; Šu-Ḫubur,šu-hu-bar; šu-hu-bu-ur; šu-hu-bu-ur-ma; šu-hu-bur; šu-hu-bur-ma
Azua,5,5,lexicon; onomasticon,Azua,a-sú-a; a-zu-a; a-zu-a-a; a-zu-a-ma; a-zu-e-ma; a-zu-wa; a-zu-we; a-zu-ú-a
Panaka,5,5,onomasticon,Panaka,pá-na-ga
Hanu,4,4,lexicon; onomasticon,Hanu; Ḫanu; Ḫānu,ha-ni-im; ha-nu; ha-nu-ma; ha-nu-um; ha-nu-ú
Puzur-ilī,4,4,lexicon; onomasticon,Puzur-ilī,man-ì-lí; man.dingir; pu-zu-ri-ì-lí; puzur4-dingir; puzur4-ì-li; puzur4-ì-lí; puzur4-ì-lí-ma; puzur4.dingir; puzur4.dingir-ma; púzur-dingir; púzur-ì-lí; púzur-ì-lí-ma; púzur.dingir; {m}puzur4-ì-lí
Ahatum,4,4,onomasticon,Ahatum; Ahātum,a-ha-tu-um
Aššur-dugul,4,4,lexicon; onomasticon,Aššur-dugul,a-šur-du-gu5-ul; a-šur-du-gul; a-šur-du-gul-ma; a-šur-du-qúl; a-šùr-du-gu5-ul; a-šùr-du-gul; {m}{d}a-šur-du-gul; {m}{d}a-šùr-du10
Ašdu,4,4,lexicon; onomasticon,Ašdu,áš-du; áš-du-ú; áš-tù
Karšini,4,4,lexicon; onomasticon,Karšini,kà-ar-ší-ni
Buzazu,4,4,lexicon; onomasticon,Buzazu; Buzāzu,bu-za-za; bu-za-zu; bu-za-zu-ma; bu-za-zu-um; bu-zi-zi-im; bu-zu-zi-im; bu-zu-zu-um; pu-za-zu; pu-zu-zi-im; pu-zu-zu-um
Etaya,4,4,lexicon; onomasticon,Etaya,e-da-a-a; e-ta; e-ta-a
Zurzur,4,4,onomasticon,Zurzur,zu-ur-zu-ur; zur-zur
Ilī-emūqī,4,4,lexicon; onomasticon,Ilī-emūqī,dingir-e-mu-qí; i-lá-mu-qí; ili5-e-mu-qí-ma; ì-lí-e-mu-qí; ì-lí-e-mu-qí-ma
Mula,4,4,lexicon; onomasticon,Mula,mu-la; mu-lá; mu-lá-a
Hanunu,4,4,onomasticon,Hanunu,ha-nu-nu; ha-nu-nu-um
Alu,4,4,lexicon; onomasticon,Alu,a-lu; a-lu-u; a-lu-ú
Puzur-Nirah,4,4,lexicon; onomasticon,Puzur-Nirah; Puzur-Niraḫ,pu-zu-ur-ni-ra-ah; puzur2-ni-muš; puzur4-ni-muš; puzur4-ni-ra-ah; puzur4-{d}mu; puzur4-{d}muš; puzur4.muš; puzur4={d}muš; pùzur={d}muš; púzur-ni-muš; púzur-ni-ra-ah; púzur-{d}muš; púzur.muš; púzur={d}muš
Arši-ah,4,4,lexicon; onomasticon,Arši-ah; Arši-aḫ,ar-ši-ah; ar-ší-ah; ar-ší-ah-ma
Kula,4,4,lexicon; onomasticon,Kula,ku-la; ku-la-a; ku-lá; ku-lá-a
Anuli,4,4,lexicon; onomasticon,Anuli,a-nu-li; a-nu-né-e-i
Iphurum,4,4,onomasticon,Iphurum,ip-hu-ri-im
Buzuzum,4,4,onomasticon,Buzuzum,bu-zu-zi-im; bu-zu-zi-in; bu-zu-zu; bu-zu-zu-um
Šalim-Ištar,4,4,lexicon; onomasticon,Šalim-Ištar,sa-lim-ištar; ša-a-lim-ištar; ša-al-mì-ištar; ša-lim-ištar; ša-lim-ištar-ma; šal-ma-ištar; šál-lim-ištar; šál-ma-ištar; šál-mì-ištar
Tuli,4,4,lexicon; onomasticon,Tuli,du-li; du-lim; tù-li; tù-lí-im
Sukkallum,4,4,onomasticon,Sukkallum; Šukkallum,sú-kà-li-im; sú-kà-lúm; sú-kà-nim; šu-kà-lim
Šallim-Aššur,4,4,onomasticon,Šallim-Aššur,šál-lim-a-šùr
Anna,4,4,lexicon,Anna,a-na; a-na-a; a-na-a-a; a-na-áš; an-na
Ištar,4,4,lexicon,Ištar,iš-ta-ar; ištar; {d}innana; {d}ištar
Ilī-tūram,4,4,onomasticon,Ilī-tūram,ì-lí-tù-ra-am
Ilališkan,4,4,onomasticon,Ilališkan,i-lá-li-iš-kà; i-lá-li-iš-kà-an; i-lá-li-iš-kán
Buziya,4,4,onomasticon,Buziya,bu-zi-a
Šu-Nunu,4,4,lexicon; onomasticon,Šu-Nunu,{m}šu-nu-nu; šu-nu-nim; šu-nu-nu; šu-nu-nu-ma; šu-nu-num
Adad,4,4,lexicon,Adad,iškur; tí-i-im; {d}im; {d}iškur; {d}iškur-ma
Puzur-Šamaš,3,3,lexicon; onomasticon,Puzur-Šamaš,puzur4-{d}utu; puzur4.utu; puzur4={d}utu; puzur4={d}utu-ma; puzur4={d}utu-ši; púzur={d}utu
Lila,3,3,lexicon; onomasticon,Lila,li-la; li-lá; li-lá-a; li-lá-ma
Ilī-rē'ī,3,3,lexicon; onomasticon,Ilī-rē'ī,dingir-lu-re-i; dingir-sipa; dingir-sipa-i; dingir.sipa; dingir.sipa-i; ì-lí-re-i
Sueyya,3,3,lexicon; onomasticon,Sueyya,sú-e-a; sú-e-a-ma; sú-é-a
Šat-ili,3,3,lexicon; onomasticon,Šat-ili; Šāt-ilī,ša-at-i-li; ša-at-ì-lí; ša-dí-li; ša-tí-li
Mīšar-rabi,3,3,onomasticon,Mīšar-rabi,mì-šar-gal; mì-šu-gal
Ilī-pilah,3,3,lexicon; onomasticon,Ilī-pilah; Ilī-pilaḫ,dingir-pì-la-ah; dingir-pì-lá-ah; dingir-pì-lá-ha; dingir-pí-la-ah; dingir-pí-lá-ah
Kulma-kulma,3,3,lexicon,Kulma-kulma,ku-ul-ma-ku-ul-ma
Lipit-Anum,3,3,onomasticon,Lipit-Anum,li-ip-ta-ni; li-ip-ta-num
Adudu,3,3,lexicon; onomasticon,Adudu,a-du-du; a-du-du-um; a-du-du-ú; a-du-dum; ú-du-du
Zuzu,3,3,onomasticon,Zuzu,zu-zu; zu-zu-ú; zu-ú-zu
Išār-kitt-Aššur,3,3,lexicon,Išār-kitt-Aššur,i-ša-ar-ki-id-a-šur; i-šar-ki-da-a-šur; i-šar-ki-da-a-šur-ma; i-šar-ki-da-a-šùr; i-šar-ki-id-a-šur; i-šar-ki-id-a-šùr; i-šar-ki-it-a-šur; i-šar-ki-it-a-šur-ma; i-šar-ki-it-a-šùr; i-šar-ki-ta-a-šur; i-šar-ki-tá-a-šur
Šamaš-abī,3,3,lexicon; onomasticon,Šamaš-abī,{d}utu-a-bi; {d}utu-a-bi4; ša-ma-aš-a-bí
Iddin-ilum,3,3,onomasticon,Iddin-ilum,i-dí-dingir; i-dí-lim; i-ti-dingir
Kurub-Aššur,3,3,lexicon; onomasticon,Kurub-Aššur,kur-ba-a-šur; kur-ub-a-šur; kur-ub-a-šùr
Narām-Suen,3,3,onomasticon,Narām-Suen,na-ra-am-zu; na-ra-zu; ni-ra-am-zu
Aba,3,3,lexicon; onomasticon,Aba; Abā,a-ba; a-ba-a; a-ba-a-a; a-ba-a-a-ma; a-ba-a-ma; ab-ba
Šuzuzu,3,3,lexicon; onomasticon,Šuzuzu,šu-zu-zu; šu-zu-zu-ma
Šudāya,3,3,onomasticon,Šudāya,šu-da-a
Dalaš,3,3,lexicon; onomasticon,Dalaš,da-la-aš; da-la-áš; da-la-áš-ma; da-la-ša; da-lá-aš; da-lá-ás; da-lá-áš; da-lá-áš-ma; da-lá-ša; ta-la-áš; ta-lá-áš
Mannum-šumšu,3,3,lexicon; onomasticon,Mannum-šumšu,ma-nu-um-šu-um-šu; ma-nu-šu-um-šu; ma-num-šu-um; ma-num-šu-um-šu
Aššur-šad-ilī,3,3,lexicon; onomasticon,Aššur-šad-ilī,a-šur-sa.tu-ì-lí; a-šur-ša-ad-ì-lí-e; a-šur-ša-di-li; a-šur-ša-du-ì-lí; a-šur-ša-dí-li; a-šur-ša-dí-li-ma; a-šur-ša-dí-ì-lí; a-šùr-ša-ad-ì-lí-e; a-šùr-ša-du-lí; a-šùr-ša-dí-dingir; a-šùr-ša-dí-ili5; a-šùr-ša-dí-li; a-šùr-ša-dí-li-ma; a-šùr-ša-dí-lí-ma; a-šùr-ša-dí-ì-lí; {m}a-šur-ša-dí-li; {m}a-šùr-ša-dí-li
Šabahānum,3,3,onomasticon,Šabahānum,ša-pá-ha-nim
Ilī-uṣranni,3,3,lexicon; onomasticon,Ilī-uṣranni,dingir-uṣ-ra-ni; dingir-uṣ-ra-ni-ma; i-lu-uṣ-ra-ni; i-lu-úṣ-ra-ni; ì-lí-us-ra-ni; ì-lí-uṣ-ra-ni; ì-lí-uṣ-ra-ni-ma; ì-lí-ús-ra-ni; ì-lí-úṣ-ra-ni; ì-lí-úṣ-ra-ni-ma
Muza,3,3,lexicon; onomasticon,Muza,mu-sà; mu-sà-a; mu-sà-ma; mu-sá; mu-za; mu-za-a; mu-za-a-ma; mu-za-ma; mu-ú-za; mu-ša-a
Kuzilānum,3,3,onomasticon,Kuzilānum,ku-zi-lá-num
Abum-ilī,3,3,onomasticon,Abum-ilī,a-bu-um-dingir; a-bu-um-ili
Uṣur-pī-Aššur,3,3,lexicon; onomasticon,Uṣur-pī-Aššur,ú-ṣur-pì-a-šur; ú-ṣú-ur-pì-a-šur; ú-ṣú-ur-pì-a-šùr
Daya,3,3,lexicon; onomasticon,Daya; Dāya,da-a; da-a-a; da-a-a-ma; da-ma; ta-a; ta-a-a; ta-a-a-ma; ta-i-a; {m}da-a-a; ṭa-a-a
Ahuni,3,3,lexicon; onomasticon,Ahuni; Aḫuni,a-hu-ni
Ilī-ašranni,3,3,lexicon; onomasticon,Ilī-ašranni,743146753497285618180837397488145634; dingir-áš-ra-ni; i-lá-áš-ra-ni; i-lá-áš-ra-ni-ma; il5-áš-ra-ni; ì-lí-iš-ra-ni; ì-lí-áš-ra-ni
Kukra,3,3,lexicon; onomasticon,Kukra,ku-uk-ra; ku-uk-ra-an
Šamaš-ennam,3,3,onomasticon,Šamaš-ennam,{d}utu-ši-
Kiliya,3,3,onomasticon,Kiliya,ki-li-a
Damuma,3,3,lexicon; onomasticon,Damuma,da-mu-ma
Tūr-Aššur,3,3,lexicon; onomasticon,Tūr-Aššur,du-ur-a-šur; du-ur-a-šùr; tù-ur-a-šur; tù-ur-a-šur-ma; tù-ur-a-šùr
Kikaršan,3,3,lexicon; onomasticon,Kikaršan,ki-ga-ar-ša-an; ki-gar-ar-ša-an; ki-gàr-ša-an; ki-kar-ša-an; ki-kà-ar-ša; ki-kà-ar-ša-an; ki-kàr-ša-an; ki-kàr-šé-en; ki-kàr-ší-en; ki-kár-ša-an
Ippilis,3,3,lexicon; onomasticon,Ippilis; Ippiliš,i-pì; i-pì-li-is; i-pì-lí-is; i-pí-li-is; i-pí-lí-is
Šamaš-ṭāb,3,3,lexicon; onomasticon,Šamaš-ṭāb,{d}utu-du10; {d}utu-dùg; {d}utu.du10; {d}utu.dug; {d}utu.dug-ma; {d}utu.dùg; {m}{d}utu.du10
Suen-rē'ī,3,3,lexicon; onomasticon,Suen-rē'ī,sí-in-re-i; sí-in-sipa; sú-en-re-i; sú-en6-re-i; sú-en6-re-i-ma; sú-en6-sipa; sú-en6-sipa-ma; sú-in-re-ì; sú-in-sipa; sú-in-sipa-ma; sú-re-i; zu-re-i; zu-re-i-ma; zu.sipa; {m}sú-en6-sipa
Malaba,3,3,lexicon; onomasticon,Malaba,ma-la-ba; ma-la-ba-a; ma-lá-ba; ma-lá-pá
Šišara,3,3,lexicon; onomasticon,Šišara,ší-ša-ra
Iddin-Dagan,3,3,lexicon; onomasticon,Iddin-Dagan; Iddin-Dagān; Iddin-Dāgan,i-dí-da-ga-an; i-dí-da-gan; i-dí-da-gan-an; i-dí-da-gán; i-dí-da-gán-ma
Ilī-muttabbil,3,3,onomasticon,Ilī-muttabbil,dingir-mu-ta-bi4-il5
Nazi,3,3,lexicon; onomasticon,Nazi,na-sà; na-sá; na-zi; na-zi-i; na-zi-im; na-zi-ma
Ištar-bāni,3,3,lexicon; onomasticon,Ištar-bāni; Ištar-bānī,ištar-ba-ni; ištar-ba-ni-ma; ištar-tár-ba-ni; {d}ištar-ba-ni
Ilī-tappā,3,3,lexicon; onomasticon,Ilī-tappā,dingir-tap-pá-a; dingir.tab.ba-a; il5-tap-pá; il5-tap-pá-a; il5-tap-pá-ma; ili5-tab.ba; ili5-tap-pá; ì-lí-tab.ba; ì-lí-tap-pá; ì-lí-tap-pá-a
Suen,3,3,lexicon,Suen,sú-e-en; sú-en; sú-en6; sú-in; {d}en.zu; {d}sú-in
Dudu,3,3,lexicon; onomasticon,Dudu,du-du; du-du-ma; du-du-ú; du-du-ú-ma; du-ú-du; tù-tù; tù-tù-ú; tù-ú-tù; {d}utu
Azida,3,3,lexicon; onomasticon,Azida,a-zi-da; a-zi-da-a
Wardum,3,3,onomasticon,Wardum,ir; ir-dum; ur-dim; ur-dum; wa-ar-dim
Iddin-Amurrum,3,3,onomasticon,Iddin-Amurrum,i-dí-{d}mar.tu
Abi-anum,3,3,onomasticon,Abi-anum; Abī-Anum,a-be-a-ni-im; a-bi-a-num
Tibula,2,2,lexicon; onomasticon,Tibula,di-bu-la; te-pu-lá; tí-bu-lá; tí-pu-lá
Bebe,2,2,lexicon; onomasticon,Bebe,be-be-e; be-e-be
Aššur-bēl-šadu'e,2,2,onomasticon,Aššur-bēl-šadu'e,a-šùr-bé-el-sa.tu-e
Buburānum,2,2,onomasticon,Buburānum,bu-bu-ra-num
Narmak-Aššur,2,2,lexicon,Narmak Aššur ša kēnāti; Narmak-Aššur,na-ar-ma-ak-a-šur; na-ar-ma-ak-a-šùr; na-ar-ma-kà-a-šur; na-ar-ma-kà-šùr
Zikur-Adad,2,2,lexicon; onomasticon,Zikur-Adad,zi-kur-{d}im; zi-kur={d}im; zi-kur={d}iškur
Kukua,2,2,lexicon; onomasticon,Kukua,ku-ku-a; ku-ku-a-a; ku-ku-a-a-ma; ku-ku-a-ma; ku-ku-wa; ku-ku-wa-ma; ku-ku-ú-a
Budātum,2,2,onomasticon,Budātum,bu-da-dim
Suen-damiq,2,2,lexicon; onomasticon,Suen-damiq,30.sig5; su-in-sig5; sú-en-sig5; sú-en6-da-mì-iq; sú-en6-sig5; sú-en6-sig5-ma; sú-in-da-mì-iq; sú-in-sig5; zu.sig7; {d}en.zu.sig5
Ibisua,2,2,onomasticon,Ibisua,i-bi-zu-a
Kuskusum,2,2,onomasticon,Kuskusum,ku-us-ku-sí; ku-us-ku-sú-um; ku-ús-ku-sí-im; ku-úš-ku-sú-um
Būr-Aššur,2,2,lexicon; onomasticon,Būr-Aššur,bu-ra-a-šur; bu-ra-a-šùr; bu-ur-a-šur; bu-ur-a-šur-ma; bu-ur-a-šùr; bu-ur-a-šùr-ma; bur-a-šur; bur-a-šur-ma; bur-a-šùr; {m}bur-a-šur
Kuku,2,2,lexicon; onomasticon,Kuku; Kukū,ku-ku; ku-ku-ú; ku-ú-ku
Kurub-ilī,2,2,lexicon; onomasticon,Kurub-ilī,ku-ur-bi4-li; ku-ur-bi4-li-ma; kur-bi4-ì-lí-ma; kur-ub-dingir; {m}kur-ub-ì-lí
Ennanātum,2,2,onomasticon,Ennanātum,e-na-na-tum
Šiliuman,2,2,onomasticon,Šiliuman,ší-li-ú-ma-an
Walhišna,2,2,lexicon; onomasticon,Walhišna; Walḫišna,wa-al-ha-aš-na; wa-al-ha-áš-na; wa-al-ha-áš-na-ma; wa-al-hi-iš; wa-al-hi-iš-na; wa-ar-ha-áš-na
Parka,2,2,lexicon; onomasticon,Parka,pa-ar-ga; pa-ar-kà; pá-ar-ga; pá-ar-kà; pár-ga; pár-kà
Zukua,2,2,lexicon; onomasticon,Zukua,sú-ku-a; zu-ku-a; zu-ku-a-ma; zu-ku-ú-a
Ṭāb-pī-Aššur,2,2,lexicon; onomasticon,Ṭāb-pī-Aššur,du10-bi4-a-šùr; du10-pì-a-šur; du10-pì-a-šur-ma; du10-pì-a-šùr; du10-pì-a-šùr-ma; du10-pí-a-šur; du10-pí-a-šur-ma; du10-pí-a-šùr; du10-pí-a-šùr-ma; dug-pì-a-šùr; dug-pí-a-šùr; dùg-pì-a-šur; dùg-pì-a-šur-ma; dùg-pì-a-šùr; dùg-pì-a-šùr-ma; dùg-pí-a-šur; dùg-pí-a-šur-ma; dùg-pí-a-šùr; dùg-pí-a-šùr-ma
Išuhum,2,2,onomasticon,Išuhum,i-šu-hi-im; i-šu-hu-um
Inar,2,2,lexicon; onomasticon,Inar,i-na-ar; {m}i-na-ar
Nini,2,2,lexicon; onomasticon,Nini,ni-ni; ni-ni-i; ni-ni-ma
Kunila,2,2,lexicon; onomasticon,Kunila,ku-ni-la; ku-ni-li; ku-ni-lá
Buzulīya,2,2,lexicon; onomasticon,Buzuliya; Buzulīya,bu-zi-li-a; bu-zu-li-a; bu-zu-lí-a; bu-ṣú-li-a; bu-ṣú-lí-a; pu-zu-li-a
Balṭu,2,2,lexicon,Balṭu,ba-al-ṭù-um
Abela,2,2,lexicon; onomasticon,Abela,a-be-i-lá; a-be-la; a-be-lá; a-bi-la; a-bi-la-ma; a-bi-lá; a-bi-lá-ma; a-bi4-lá; a-bé-lá; a-pì-la; a-pì-lá; a-pì-lá-ma; a-pí-la
Ilī-mīšar,2,2,onomasticon,Ilī-mīšar,e-li-me-šar; ili5-me-šar
Ilī-mutabbil,2,2,lexicon,Ilī-mutabbil,dingir-mu-ta-bi-il5; dingir-mu-ta-bi-il5-ma; dingir-mu-ta-bi4-il5; dingir-mu-ta-bi4-il5-ma; dingir-mu-ta-bì-il5; dingir-mu-ta-bì-il5-ma; dingir-mu-ta-pí-il5
Zia,2,2,lexicon; onomasticon,Zia,zi-a; zi-a-a
Daraš,2,2,lexicon; onomasticon,Daraš,da-ra-áš; da-ra-ší; ta-ra-áš
Asqūdum,2,2,onomasticon,Asqūdum,ás-qú-dim; ás-qú-dum; ás-qú-ud
Puzur,2,2,onomasticon,Puzur,pu-zu-ur
Iddin-Šamaš,2,2,lexicon; onomasticon,Iddin-Šamaš,i-dí-utu; i-dí-utu-ma; i-dí-{d}utu; i-dí={d}utu; i-dí={d}utu-ma
Šimat-Ištar,2,2,lexicon; onomasticon,Šimat-Ištar; Šīmat-Ištar,ši-ma-at-ištar-ma; ší-ma-at-iš8-tár-ma; ší-ma-at-ištar; ší-ma-at-ištar-ma
Atahšu,2,2,lexicon; onomasticon,Atahšu; Ataḫšu,a-da-ah-ši; a-da-ah-šu; a-da-ah-ší; a-ta-ah-šu; a-ta-ah-šu-ú; a-tá-ah-šu
Abatanānum,2,2,onomasticon,Abatanānum,a-ba-ta-na-nu-um; a-ba-ta-na-num
Agua,2,2,lexicon; onomasticon,Agua,a-gu-a; a-gu-a-a; a-gu-a-ma; a-gu-wa; a-gu-ú-a; a-gu5-a; a-gu5-a-a; a-gu5-wa; a-gu5-ú-a; a-ku-a; a-ku-wa; a-ku-ú-a
Kulia,2,2,lexicon; onomasticon,Kulia; Kuliā,ku-li-a; ku-li-ia
Buzuzu,2,2,lexicon,Buzuzu,bu-sú-sú; bu-zu-zu; pu-zu-zu
Nahištum,2,2,onomasticon,Nahištum,na-hi-iš-tám
Šalim-Adad,2,2,lexicon; onomasticon,Šalim-Adad,ša-al-ma-{d}im; ša-al-ma={d}im; ša-al-ma={d}im-ma; ša-al-ma={d}iškur; ša-al-ma={d}iškur-ma; ša-lim={d}im; ša-lim={d}iškur; šál-ma={d}im; šál-ma={d}im-ma; šál-ma={d}iškur; šál-ma={d}iškur-ma; šál-mì={d}im; šál-mì={d}iškur
Azutāya,2,2,onomasticon,Azutāya,a-zu-da; a-zu-ta-a
Išme-Adad,2,2,lexicon,Išme-Adad,iš-ma-ad-ad; iš-ma={d}im; iš-ma={d}iškur; iš-ma={d}iškur-ma; iš-me-{d}iškur-ma; iš-me={d}im; iš-me={d}iškur
Dannum-ilī,2,2,lexicon; onomasticon,Dannum-ilī,da-nu-um-ì-lí; da-num-dingir; dan-na-i-el; dan-nu-um-an; dan-nu-um-dingir
Eništarum,2,2,onomasticon,Eništarum,e-ni-iš-ta-ru-um
Enlil-bāni,2,2,lexicon; onomasticon,Enlil-bāni; Enlil-bānī,ab-ba-ni; en-líl-ba-ni; en-líl-ba-ni-ma; en.líl-ba-ni; i-li-il5-ba-ni; ta-ba-a-ni; ta-pá-ni; tap-pá-a-ni; {d}ab-ba-ni; {d}ab-ba-ni-ma; {d}en-lí-ba-ni; {d}en-lí-ba-ni-ma; {d}en-líl-ba-ni; {d}en-líl-ba-ni-ma; {d}en.lil.ba-ni; {d}en.líl-ba-ni; {d}en.líl-ba-ni-ma
Arawa,2,2,lexicon; onomasticon,Arawa,a-la; a-lá-wa; a-ra; a-ra-wa; a-ra-wa-áš; al-wa; ar-wa-a
Daraši,2,2,lexicon; onomasticon,Daraši,da-ra-ši
Šarrum-kēn,2,2,lexicon; onomasticon,Šarrum-kēn,lugal-gi-na; lugal-gi.na; lugal-ke-en6; lugal-ki-in; lugal-ki-in-ma; lugal.gi-na; lugal.gi.na; {d}lugal-ki-in-ma; {d}lugal.du; {d}lugal.gín; ša-ru-ke-en6; ša-ru-ki-in
Naku,2,2,lexicon,Naku,na-gu; na-gu5; na-ku
Ilī-pī-uṣur,2,2,lexicon; onomasticon,Ilī-pī-uṣur,dingir-pì-ú-ṣur; dingir-pì-ú-ṣú-ur; dingir-pí-ú-ṣur; dingir-pí-ú-ṣú-ur; el-be-ú-ṣú-ur-tim; il5-pì-ú-ṣur; il5-pì-ú-ṣú-ur; il5-pí-ú-ṣú-ur; ili5-pì-ú-ṣur; ili5-pì-ú-ṣú-ur; ili5-pí-ú-ṣur; ì-lí-pì-ú-ṣur; ì-lí-pì-ú-ṣú-ur; ì-lí-pí-i-ú-ṣú-ur; ì-lí-pí-ú-ṣur; ì-lí-pí-ú-ṣú-ur
Irbi-Adad,2,2,lexicon; onomasticon,Irbi-Adad,ir-bi-{d}iškur; ir-bi4={d}im; ir-bi={d}im; ir-bi={d}im-ma; ir-bi={d}iškur
Wališra,2,2,lexicon; onomasticon,Wališra,wa-li-iš-ra
Zuwa,2,2,onomasticon,Zuwa,zu-a; zu-ú-a
Dan-Ea,2,2,lexicon; onomasticon,Dan-Ea; Dān-Ea,da-ni-a; da-né-a; dan-e-a; dan-ni-a; dan-é; dan-é-a; dan-ì-a
Kurub-Suen,2,2,lexicon; onomasticon,Kurub-Suen,ku-ru-ub-sú-en6; kur-ub-sú-en6; kur-ub-sú-in
Balṭu-šar,2,2,onomasticon,Balṭu-šar,ba-al-ṭù-šar
Amura,2,2,onomasticon,Amura,a-mu-ra; a-mu-ra-a
Amur-Suen,2,2,lexicon; onomasticon,Amur-Suen,a-mu-ur-sú-en6; a-mur-su-en; a-mur-zu; a-mur-{d}en.zu
Tarawazi,2,2,onomasticon,Tarawazi,da-ra-wa-zi
Erra-ilī,2,2,lexicon; onomasticon,Erra-ilī,er-ra-ili5; ir-ra-ì-lí; èr-ra-il5; èr-ra-ili5
Aššur-karwa,2,2,lexicon; onomasticon,Aššur-karwa,a-šur-kàr-wa; a-šur-qar-wa; a-šùr-kàr-wa; a-šùr-qar-wa
Kalka,2,2,lexicon; onomasticon,Kalka,ga-al-ga; kà-al-kà
Irma-Aššur,2,2,lexicon; onomasticon,Irma-Aššur,ir-am-a-šur; ir-am-a-šùr; ir-am={d}a-šùr; ir-ma-a-šur; ir-ma-a-šur-ma; ir-ma-a-šùr; ir-ma-a-šùr-ma; ir-ma={d}a-šur; ìr-ma-a-šur
Amua,2,2,lexicon; onomasticon,Amua,a-mu-a; a-mu-a-ma; a-mu-wa; a-mu-ú-a; {m}a-mu-a
Ikua,2,2,onomasticon,Ikua,i-ku-a; i-ku-ú-a
Turhala,2,2,lexicon; onomasticon,Turhala; Turḫala,du-ur-ha-la; tù-ur-ha-lá
Amkuwa,2,2,lexicon,Amkuwa,a-am-ku-a; a-am-ku-wa; a-am-ku-wa-a; am-ku-a; am-ku-wa
Idida,2,2,lexicon; onomasticon,Idida,i-dí-da
Aššur-gimlī,2,2,lexicon; onomasticon,Aššur-gimlī,a-šùr-gi-im-li; a-šùr-gi-im-lí-ma; a-šùr-gi5-im-li
Niwala,2,2,lexicon; onomasticon,Niwala,ni-wa-la; ni-wa-lá
Manuba,2,2,lexicon; onomasticon,Manuba,ma-nu-ba; ma-nu-um-ba
Babazua,2,2,lexicon; onomasticon,Babazua,ba-ba-zu-a; pá-pá-zu-a
Aššur-balāṭī,2,2,lexicon,Aššur-balāṭī,a-šùr-ba-lá-ṭí
Ummaza,2,2,lexicon; onomasticon,Ummaza,um-ma-sà; um-ma-sá; um-ma-za; ú-ma-za
Nūr-Suen,2,2,lexicon; onomasticon,Nūr-Suen,nu-ur-sú; nu-ur-sú-en6; nu-ur-sú-in; nu-ur-zu; nu-ur={d}en.zu; nu-úr-su-en6; nu-úr-sú; nu-úr-sú-en; nu-úr-sú-en6; nu-úr-zu; nu-úr-zu-ma
Šu-Nisaba,2,2,lexicon,Šu-Nisaba,šu-ni-sà-ba; šu-ni-za-ba
Aku,2,2,lexicon; onomasticon,Aku,a-ku
Atanah,2,2,lexicon; onomasticon,Atanah; Atanaḫ,a-ta-na-ah; a-ta-na-ah-ma
Uršiši,2,2,lexicon; onomasticon,Uršiši,ur-ší-ši; ur-ší-ší; ur-ší-ší-ma; ú-ri-šu-uš; ú-ri-ší-ší; ú-ur-ší-ší
Sukuhum,2,2,onomasticon,Sukuhum,sí-ik-ú-hi-im; sú-ku-hi-im; sú-uk-ú-hi-im
Akutum,2,2,onomasticon,Akutum,a-ku-du; a-ku-tim
Šarrum-Adad,2,2,lexicon; onomasticon,Šarrum-Adad,lugal-{d}im; lugal-{d}iškur-ma; lugal.im; lugal.iškur; lugal={d}im; lugal={d}im-ma; lugal={d}iškur; lugal={d}iškur-ma; sá-ri={d}im; ša-ra={d}iškur; ša-ru-; ša-ru-um-; ša-ru-um={d}im; ša-ru-um={d}iškur; ša-ru={d}im
Ennam-rēṣum,2,2,onomasticon,Ennam-rēṣum,en-nu-re-ṣa-ma
Dadum,2,2,onomasticon,Dadum; Dādum,da-dim
Šarrum-Suen,2,2,lexicon; onomasticon,Šarrum-Suen,lugal-ra-sú-in; lugal-ra-zu; lugal-sù-en6-ma; lugal-sú-en; lugal-sú-en6; lugal-sú-en6-ma; lugal.en.zu; lugal={d}en.zu; {m}lugal-sú-en6; ša-ra-sú-en6; ša-ra-sú-in; ša-ru-sú-in; šar-ra-sú-in
Suen-ilšu,2,2,lexicon,Suen-ilšu,sú-en6-il5-šu; sú-in-dingir-šu; sú-in-il5-šu
Mala,2,2,lexicon; onomasticon,Mala; Malā,ma-la-a-a; ma-lá; ma-lá-a-a; ma-lá-áš
Kulumāya,2,2,onomasticon,Kulumāya,ku-lu-ma; ku-lu-ma-a; ku-lu-ma-a-a
Emeni,2,2,lexicon; onomasticon,Emeni,e-me-ni
Akusānum,2,2,onomasticon,Akusānum,a-ku-za-num
Akitaya,2,2,lexicon; onomasticon,Akitaya,a-ki-ta-a
Agaya,2,2,onomasticon,Agaya,a-ga-a
Kibal,2,2,lexicon; onomasticon,Kibal,ki-ba-al; ki-bá-al
Latarak,2,2,lexicon; onomasticon,Latarak,la-ta-ra-ak; lá-ta-ra-ak
Iddin-Erra,2,2,lexicon; onomasticon,Iddin-Erra,i-dí-èr-ra; i-dí-ér-ra
Šamaš-tappā'ī,1,1,lexicon; onomasticon,Šamaš-tappā'ī,{d}utu-ta-pá-i; {d}utu-tap-pá-e; {d}utu-tap-pá-i; {d}utu-tap-pá-i-ma; {d}utu-tap-pá-ì; {d}utu.tab.ba-i; {d}utu=tap-pá-i
Aššur-bēl-malkim,1,1,onomasticon,Aššur-bēl-malkim,a-šur-be-el-ma-al-ki-im
Ikra,1,1,lexicon; onomasticon,Ikra; Ikrā,ig-ra; ik-ra; ik-ra-a
Šakṣum,1,1,onomasticon,Šakṣum,ša-ak-ṣí; ša-ak-ṣí-im
Karnikašu,1,1,lexicon,Karnikašu,kà-ar-ni-kà-šu
Abi-lamassi,1,1,onomasticon,Abi-lamassi; Abi-lamassī; Abī-lamassī,a-bi-lá-ma-sí
Nimar-Suen,1,1,lexicon; onomasticon,Nimar-Suen,ni-mar-su-en6; ni-mar-su-in; ni-mar-sú-en6; ni-mar-sú-en6-ma; ni-mar-sú-in; ni-mar-zu
Puzur-malasu,1,1,lexicon,Puzur-malasu,puzur4-ma-lá-sú; púzur-ma-lá-sú
Ennam-Wēr,1,1,lexicon,Ennam-Wēr,e-na-am-we-er; e-nu-um-we-er; en-na-am-we-er; en-na-we-er; en-na-we-er-ma; en-nam-we-er; en-nam-we-er-ma; en-nu-um-we-er; en-nu-we-er; en-num-we-er
Arunahšu,1,1,lexicon; onomasticon,Arunahšu; Arunaḫšu,a-ru-na-ah-šu; a-ru-na-ah-šu-ma
Meari,1,1,lexicon; onomasticon,Meari,me-a-ri
Ama,1,1,onomasticon,Ama,a-ma
Dumuq-Ištar,1,1,lexicon; onomasticon,Dumuq-Ištar,du-mu-uq-ištar; du-um-qí-ištar
Itūr-kēn,1,1,lexicon,Itūr-kēn,i-tur4-ki-in; i-tù-ur-ki-in
Warad-ilī,1,1,lexicon; onomasticon,Warad-ilī,ir-ad-ì-lí; ir-ì-lí; wa-ar-dí-dingir; wa-ar-dí-ì-lí; ìr-ì-lí
Šimašitiša,1,1,lexicon; onomasticon,Šimašitiša,ší-ma-ší-tí-ša
Butkum,1,1,onomasticon,Butkum,bu-ut-ki-im
Išuah,1,1,lexicon; onomasticon,Išuah; Išuaḫ,i-šu-ah
Aššur-iddin,1,1,lexicon; onomasticon,Aššur-iddin,a-šur-i-dí-in; a-šùr-i-dí-in; a-šùr-i-dí-in-ma
Tarhuala,1,1,lexicon; onomasticon,Tarhuala; Tarḫuala,ta-ar-ha-lá; ta-ar-hu-a-lá; ta-ar-hu-lá; tár-hu-a-lá; tár-hu-lá
Ilī-ellitī,1,1,lexicon; onomasticon,Ilī-ellitī,ì-lí-illat-tí; ì-lí-li-dí; ì-lí-ì-lí-tí
Babaya,1,1,onomasticon,Babaya,ba-ba
Rabi-Aššur,1,1,lexicon; onomasticon,Rabi-Aššur,gal-a-šur; gal-a-šur-ma; gal-a-šùr; gal-a-šùr-ma; gal-ba-a-šur; ra-ba-a-šur; ra-bi-a-šur; ra-bi-a-šùr; ra-bi-a-šùr-ma; ra-bi4-a-šur; ra-bi4-a-šùr; ra-áb-a-šur; {m}gal-a-šùr
Šarakšuna,1,1,lexicon; onomasticon,Šarakšuna,ša-ra-ak-šu-na
Adad-damiq,1,1,lexicon; onomasticon,Adad-damiq,{d}im.sig5; {d}im.sig5-ma; {d}iškur.sig5; {d}iškur.sig5-ma
Puzurkunu,1,1,lexicon; onomasticon,Puzurkunu,pu-zu-ur-ku-nu
Ziki,1,1,onomasticon,Ziki,zi-ki
Inah,1,1,lexicon; onomasticon,Inah; Inaḫ,i-na-ah
Anu,1,1,lexicon,Anu,a-nu-um; an-um
Puzur-iliya,1,1,lexicon,Puzur-iliya,puzur4-i-li-a; puzur4-li-a; púzur-i-li-a
Alulāya,1,1,onomasticon,Alulāya,a-lu-la; a-lu-lá-a
Tanušta,1,1,lexicon; onomasticon,Tanušta,ta-nu-uš-ta; ta-nu-uš-tí
Utaya,1,1,lexicon,Utaya,ud-a; ú-da-a; ú-ta; ú-ta-a
Kim-Aššur,1,1,lexicon,Kim-Aššur,ki-im-a-šùr
Liwiru,1,1,lexicon,Liwiru,li-ru; li-wi-ru
Talhama,1,1,lexicon; onomasticon,Talhama; Talḫama,ta-al-ha-ma; tal-ha-ma
Kašši,1,1,lexicon; onomasticon,Kašši,kà-áš-ší
Kuzizi,1,1,lexicon; onomasticon,Kuzizi,ku-uz-zi; ku-zi; ku-zi-i; ku-zi-zi; ku-zi-zi-za; ku-zu-zi-im; ku-ṣí-i
Bašu,1,1,lexicon,Bašu,ba-šu; pá-a-šu
Kuzari,1,1,lexicon; onomasticon,Kuzari; Kuzāri,ku-sà-ri; ku-za-ri; ku-ṣa-ri
Ilī-malkī,1,1,lexicon; onomasticon,Ilī-malkī,dingir-ma-al-ki; ili5-ma-al-ki; ili5-ma-ki
Alitum,1,1,lexicon; onomasticon,Alitum,a-li-tim; a-li-tum
Urmeša,1,1,lexicon,Urmeša,ur-me-ša
Šumi-abia,1,1,lexicon; onomasticon,Šumi-abia,{m}šu-ma-a-bi-a; {m}šu-ma-a-bi4-a; {m}šu-ma-bi-a; {m}šu-mì-a-bi4-a; šu-ma-a-bi-a; šu-ma-a-bi-a-ma; šu-ma-a-bi4-a; šu-ma-bi; šu-ma-bi-a; šu-ma-bi-a-ma; šu-ma-bi4-a; šu-ma-bi4-a-ma; šu-mi-a-bi4-a-a; šu-mì-a-a-bi-a; šu-mì-a-bi; šu-mì-a-bi-a; šu-mì-a-bi-a-ma; šu-mì-a-bi4-a; šu-mì-a-bi4-a-ma
Artama,1,1,lexicon; onomasticon,Artama,ar-ta-a-ma; ar-ta-ma
Karawa,1,1,onomasticon,Karawa,kà-ra-wa
Ea-bāštī,1,1,lexicon; onomasticon,Ea-bāštī,e-a-ba-áš-tí; é-a-ba-áš-tí
Kanwarta,1,1,lexicon,Kanwarta,itu.kam-kán-war-ta; kán-war-ta
Kadutala,1,1,lexicon; onomasticon,Kadutala,kà-du-ta-lá
Ilī-imittī,1,1,lexicon; onomasticon,Ilī-imittī,dingir-i-mì-tí; i-li-mì-tí; il-mì-tí-ma; il5-i-mì-ti; il5-mì-ti; il5-mì-ti-ma; il5-mì-tí; il5-mì-tí-ma; ili5-mì-ti; ili5-mì-tí-ma; ì-lí-i-mì-tí-ma; ì-lí-mì-tí; ì-lí-mì-tí-ma
Ašašabi,1,1,lexicon,Ašašabi,a-ša-ša-bi
Titinatal,1,1,onomasticon,Titinatal,tí-tí-na-ri
Waliwali,1,1,lexicon; onomasticon,Waliwali,wa-li-wa-li; wa-lí-wa-lí; wa-ni-wa-ni; ú-ni-ú-ni
Abī-wēdum,1,1,onomasticon,Abī-wēdum,a-bi-we-du; a-bi-we-du-um; a-bí-we-dum
Šilmašu,1,1,lexicon; onomasticon,Šilmašu,ší-el-ma-šu; ší-il5-ma-šu
Šuma-libši,1,1,lexicon; onomasticon,Šuma-libši,{m}mu-li-ib-ši; {m}mu-lib-ši; {m}šu-mu-li-ib-ší; šu-ma-li-ib-ší; šu-mu-li-ib-ší; šu-mu-um-li-ib-ší; šu-mu-um-li-ib-ší-ma
Emmertum,1,1,onomasticon,Emmertum,e-me-er-tim
Bēlassunu,1,1,lexicon; onomasticon,Bēlassunu,be-lá-sú-nu; bé-lá-sú-nu; {m}be-lá-sú-nu
Kurkurānum,1,1,onomasticon,Kurkurānum,ku-ur-ku-ra-nam; ku-ur-ku-ra-num
Šuppi-numan,1,1,lexicon,Šuppi-numan,šu-bi-e-nu-ma-an; šu-bi4-e-nu-ma-an; šu-pu-nu-ma; šu-pè-e-nu-ma-an; šu-pé-e-nu-ma-an; šu-pì-a-nu-ma-an; šu-pì-e-nu-ma-an; šu-pì-ú-nu-ma-an; šu-pí-a-nu-ma-an; šu-pí-e-nu-ma-an; šu-pí-i-nu-ma-an
Aššur-re’i,1,1,onomasticon,Aššur-re’i; Aššur-rē’ī,a-šùr-re-i; a-šùr-sipa
Ilī-mālik,1,1,lexicon; onomasticon,Ilī-mālik,dingir-ma-lik; dingir-ma-lá-ak; {m}dingir-ma-lik; ì-li-ma-lik; ì-lí-ma-lik
Zalidi,1,1,lexicon; onomasticon,Zalidi,sà-li-dí; sà-li-ti; sà-li-tí; sà-lí-dí; sá-li-tí; sá-lí-dí; za-li-dí; za-li-dí-ma; za-li-tí; za-ni-dí; zu-li-tí; ṣa-li-tí
Šarrum-Šamaš,1,1,lexicon,Šarrum-Šamaš,lugal={d}utu
Iṣmid-ilum,1,1,onomasticon,Iṣmid-ilum,iṣ-mì-dí-dingir; iṣ-mì-id-dingir; áš-dingir
Kuzuzārum,1,1,onomasticon,Kuzuzārum,ku-zu-za-ri-im
Imlik-Aššur,1,1,lexicon; onomasticon,Imlik-Aššur,im-li-ik-a-šùr; im-lik-a-šùr
Kalamur,1,1,lexicon; onomasticon,Kalamur,kà-lá-mu-ur; kà-lá-mur
Šāt-Ea,1,1,lexicon; onomasticon,Šāt-Ea,ša-at-e-a; ša-at-é-a; ša-té-a; ša-té-e-a; ša-tí-e-a
Zidani,1,1,onomasticon,Zidani,zi-da-ni
Anuguti,1,1,lexicon; onomasticon,Anuguti,a-nu-gu-ti; a-nu-gu-tí
Nanahi,1,1,lexicon; onomasticon,Nanahi; Nanaḫi,na-na-hi
Šubrum,1,1,onomasticon,Šubrum,šu-ub-ri-im
Apdagi,1,1,lexicon; onomasticon,Apdagi,ap-da-gi; áp-da-gi
Šuppiahšu,1,1,lexicon; onomasticon,Šuppiahšu; Šuppiaḫšu,šu-bi-a-ah-šu; šu-bi4-a-ah-šu; šu-bi4-ah-šu; šu-pì-a-ah-šu; šu-pì-a-ah-šu-ú; šu-pì-ah-šu; šu-pì-ah-šu-ú; šu-pí; šu-pí-a-ah-šu; šu-pí-a-ah-šu-ú; šu-pí-ah-šu; šu-up-a-ah-šu
Babašiba,1,1,lexicon; onomasticon,Babašiba,ba-ba-ší-ba
Nikkilet,1,1,lexicon,Nikkilet,ni-ki-il5-it; ni-ki-li-a-at; ni-ki-li-e-et; ni-ki-li-e-et-ma; ni-ki-li-et; ni-ki-li-et-ma; ni-ki-li-it; ni-ki-lí-et
Aha,1,1,onomasticon,Aha,a-ha-a
Šamaš-taklāku,1,1,lexicon; onomasticon,Šamaš-taklāku,{d}utu-ta-ak-la-ku; {d}utu-ta-ak-lá-ku; {d}utu-ták-lá-ku; {d}utu-ták-lá-ku-ma; {m}{d}utu-ták-lá-ku
Abī-baštī,1,1,lexicon; onomasticon,Abī-baštī,a-bi-ba-áš-tí; a-bi4-ba-áš-tí; a-bi4-i-ba-áš-tí
Hudida,1,1,lexicon; onomasticon,Hudida; Ḫudida,hu-dí-da; hu-tí-da
Ṭāb-pī-Anum,1,1,onomasticon,Ṭāb-pī-Anum,-num; ta-bi-a-nu-um
Tizar-uman,1,1,lexicon,Tizar-uman,tí-za-ru-ma-an
Harša,1,1,lexicon; onomasticon,Harša; Ḫarša,ha-ar-ša; ha-ar-ša-a; ha-ar-ša-am; ha-ar-ší
Kurašmiš,1,1,lexicon; onomasticon,Kurašmiš,ku-ra-áš-mì-iš
Šezur,1,1,lexicon; onomasticon,Šezur,sé-sú-ur; sé-ṣur; sé-ṣú-ur; zi-zu-ur; še-zu-ir; še-zu-ur; še-ṣur; šé-sú-ur; šé-zu-ur; šé-zur; šé-ṣú-ur; ší-zu-ur
Kazuba,1,1,lexicon; onomasticon,Kazuba,ga-zu-bi; ga-zu-pá; ka-zu-ba; kà-sú-ba; kà-zu-ba; kà-zu-pá
Ašuwan,1,1,lexicon; onomasticon,Ašuwan,a-zu-an; a-šu-a-an; a-šu-an; a-šu-wa-an; a-šu-wa-an-zi
Ašuan,1,1,lexicon; onomasticon,Asuan; Ašuan,a-su-an; a-šu-an; a-šu-u-a-an
Abuna,1,1,lexicon; onomasticon,Abuna,a-bu-na; a-bu-ni; a-bu-ni-i; a-bu-num; a-pu-na
Puzur-Lama,1,1,lexicon; onomasticon,Puzur-Lama,puzur4-la-ma; púzur-la-ma
Urāya,1,1,onomasticon,Urāya,ú-ra-a; ú-ra-a-a
Abu-waqar,1,1,onomasticon,Abu-waqar,a-bu-qar
Šariša,1,1,lexicon; onomasticon,Šariša; Šarišā,ša-ri-ša; ša-ri-ša-a-a
Usmû,1,1,lexicon,Usmû,ú-sú-me-e; ú-sú-mì
Ala,1,1,lexicon; onomasticon,Ala; Alā,a-la; a-la-im; a-lá; a-lá-a; a-lá-a-a; a-lá-im; al-wa
Babali,1,1,lexicon,Babali,ba-ba-li; ba-ba-lim; ba-ba-lu; ba-ba-lu-um; ba-ba-ni; ba-bi-li-im; ba-bi-lim; ba-bi4-lim; pá-pi-li; pá-pá-li; pá-pá-lim; pá-pá-lí
Emua,1,1,lexicon; onomasticon,Emua,e-mu-a
Ippalu,1,1,lexicon; onomasticon,Ippalu,ip-pa-lu
Buzutāya,1,1,onomasticon,Buzutāya,bu-zu-ta; bu-zu-ta-a
Ilī-ellat,1,1,lexicon; onomasticon,Ilī-ellat,dingir-e-lá-at; dingir-illat; dingir.illat; ì-lí-illat
Anum-ilī,1,1,lexicon; onomasticon,Anum-ilī,a-nu-dingir; a-nu-lim; a-nu-um-dingir; a-nu-um-ì-lí; a-num-dingir; a-num-ì-lí; an-ì-lí
Šāt-Aššur,1,1,lexicon; onomasticon,Šāt-Aššur,ša-ad-a-šùr; ša-ad-a-šùr-ma; ša-at-a-šur; ša-at-a-šur-ma; ša-at-a-šùr; ša-at-a-šùr-ma
Arašihatal,1,1,onomasticon,Arašihatal,a-ra-ší-ha-tal
Manum,1,1,onomasticon,Manum,ma-na-ta-num
Tiltitiš,1,1,lexicon; onomasticon,Tiltitiš,tí-il5-tí-tí-iš; tí-il5-tí-tí-ša
Wawali,1,1,lexicon; onomasticon,Wawali,al-wi; wa-wa-li; wa-wa-li-ma; ú-wa-wa-li
Hinnāya,1,1,onomasticon,Hinnāya,hi-na; hi-na-a; hi-na-a-a
Ištar-bāštī,1,1,lexicon; onomasticon,Ištar-bāštī,iš-tar-ba-áš-tí; ištar-ba-aš-tí; ištar-ba-áš-ti; ištar-ba-áš-tí; ištar-ba-áš-tí-ma
Anah-Ištar,1,1,lexicon; onomasticon,Anah-Ištar; Anaḫ-Ištar,a-na-ah-ištar; a-na-ah-ištar-ma
Kanani,1,1,lexicon; onomasticon,Kanani; Kanāni,ga-na-ni; kà-na-ni
Unapše,1,1,onomasticon,Unapše,ú-na-ap-ší; ú-na-áp-ší
Abduata,1,1,lexicon; onomasticon,Abduata,a-áb-du-a-ta; ab-du-a-ta; áb-du-a-ta; áb-du-a-ta-ma; áp-du-a-ta
Abdu,1,1,lexicon,Abdu,ab-du-ma; áb-du
Alulur,1,1,lexicon; onomasticon,Alulur,a-lu-lu-ur
Kurkur,1,1,lexicon; onomasticon,Kurkur,ku-ur-ku-ur; kur-kur
Tarikuda,1,1,lexicon; onomasticon,Tarikuda,da-ri-ku-da; ta-ri-ku-da; ta-ri-ku-ta; ta-ri-ku-tá; tí-ri-ku-da; tí-ri-ku-ta; tí-ri-ku-tá
Kizi,1,1,lexicon; onomasticon,Kizi,ke-ze-e; ki-sí-i; ki-zi; ki-zi-e
Taki,1,1,lexicon; onomasticon,Taki,ta-ke-e; ta-ki; ta-ki-e; ta-ki-i; ta-ki-im; ta-qé
Kuprurak,1,1,lexicon,Kuprurak,ku-up-ru-ra-ak
Bazaza,1,1,lexicon; onomasticon,Bazaza; Bazāza,ba-sa-sa; ba-sá-sá; ba-za-za; ba-za-za-a; ba-za-za-a-a; pá-sá-sá
Akuka,1,1,lexicon; onomasticon,Akuka,a-ku-ga; a-ku-ka; a-ku-kà
Lamassatum,1,1,onomasticon,Lamassatum,lá-ma-sà-tim; lá-ma-sà-tum; lá-ma-sú-tum
Pušqānum,1,1,onomasticon,Pušqānum,pu-uš-qá-nim
Kukidi,1,1,lexicon,Kukidi,ku-ki-dí; ku-ki-tí
Pazuzu,1,1,lexicon; onomasticon,Pazuzu,pa-zu-zu; pá-zu-zu
Ištar-puzrī,1,1,lexicon; onomasticon,Ištar-puzrī,ištar-pu-úz-ri
Zikur-ilī,1,1,lexicon; onomasticon,Zikur-ilī,sí-ku-ur-ì-lí; sí-kùr-ì-lí; zi-ku-li; zi-ku-lí; zi-ku-ur-lí; zi-ku-ur-ì-lí; zi-ku-ur-ì-lí-ma; zi-kur-dingir; zi-kur-lí; zi-kur-ì-lí; zi-kur-ì-lí-ma; zi-kùr-ì-lí; {m}zi-kur-ì-lí
Zaza,1,1,lexicon; onomasticon,Zaza; Zazā,sà-sà-a; sá-sá; za-za; za-za-a; za-za-a-a
Akuku,1,1,lexicon,Akuku,a-ku-ki-im; a-ku-ku; a-ku-ku-ma; a-ku-ku-um; a-ku-kum; a-ku-kum-ma
Nar'am-Ea,1,1,lexicon,Nar'am-Ea,na-ar-me-a
Kuluklu,1,1,lexicon; onomasticon,Kuluklu,ku-lu-uk-lu
Ibni-Šamaš,1,1,lexicon,Ibni-Šamaš,ib-ni={d}utu
Zumu,1,1,onomasticon,Zumu,zu-mu; zu-mu-ú
Karzilili,1,1,lexicon; onomasticon,Karzilili,kà-ar-zi-li-li
Idaya,1,1,onomasticon,Idaya; Idāya,i-da-a; i-da-a-a
Ahuša,1,1,onomasticon,Ahuša,a-hu-ša
Iddin-Nirah,1,1,lexicon; onomasticon,Iddin-Nirah; Iddin-Niraḫ,i-dí-in-ni-ra-ah; i-dí-ni-ra-ah; i-dí={d}muš
Ea,1,1,lexicon,Ea,e-a; i-a; i-a-a-a
Zizizi,1,1,lexicon; onomasticon,Zizizi,sí-sí-sí; zi-zi-zi; zi-zi-zi-i; zi-zi-zi-ma
Abušalim,1,1,onomasticon,Abušalim,a-bu-ša-lim
Anisaba,1,1,lexicon,Anisaba,a-ni-sa-ba; a-ni-za-pá
Duli,1,1,onomasticon,Duli,du-li
Nikur,1,1,lexicon,Nikur,ni-ku-ur
Tali,1,1,lexicon,Tali,ta-al-wi; ta-li; ta-li-is; ta-li-iš; ta-ri; ta-ri-i
Iddin-ilī,1,1,lexicon,Iddin-ilī,i-dí-dingir-im; i-dí-li
Eruni-Adad,1,1,lexicon,Eruni-Adad,e-ru-ni={d}im
Šāt-Adad,1,1,lexicon; onomasticon,Šāt-Adad,sa-at-{d}iškur; sa-at={d}iškur; ša-at={d}im
Buzizi,1,1,onomasticon,Buzizi,bu-zi-zi
Puzur-Ea,1,1,lexicon; onomasticon,Puzur-Ea,puzur4-e-a; puzur4-i-a; púzur-e-a; púzur-i-a
Bazi,1,1,onomasticon,Bazi,ba-zi; ba-zi-e
Puzur-Wēr,1,1,lexicon; onomasticon,Puzur-Wēr,puzur4-we-er; puzur4={d}we-er; púzur-we-er
Eruzi,1,1,lexicon,Eruzi,e-ru-zi
Babala,1,1,lexicon; onomasticon,Babala,ba-ba-la; ba-ba-lá; ba-ba-lá-a; pá-pá-la-a; pá-pá-lá; pá-pá-lá-a; pá-pá-lá-ma
Zunanadi,1,1,lexicon,Zunanadi,zu-na-na-dí; zu-na-na-tí
Tarīš-mātum,1,1,onomasticon,Tarīš-mātum,ta-ri-iš-ma-tim; ta-ri-iš-ma-tum
Ṣillia,1,1,lexicon; onomasticon,Ṣillia; Ṣilliā,sí-li-a; ṣí-li-a; ṣí-li-a-ma; ṣí-li-i-a; ṣí-lí-a
Bēlum-rabi,1,1,lexicon; onomasticon,Bēlum-rabi,be-lum-ra-bi; be-lum-ra-bi4; be-lum-ra-bi4-ma; be-lúm-gal; {d}be-lúm-ra-bi
Puzur-lah,1,1,lexicon; onomasticon,Puzur-lah; Puzur-laḫ,puzur4-lá-ah; púzur-lá-ah
Ilaliuman,1,1,lexicon; onomasticon,Ilaliuman,i-la-li-ú-ma-an; i-lá-li-ú-ma-an
Šamaš-rē'ī,1,1,lexicon; onomasticon,Šamaš-rē'ī,{d}utu-re-e; {d}utu-re-i; {d}utu.sipa
Hudu-bēlī,1,1,lexicon; onomasticon,Hudu-bēlī; Ḫudu-bēlī,hu-du-be-li; hu-du-be-lí; hu-du-bé-li
Pilah-Anum,1,1,onomasticon,Pilah-Anum,pì-lá-ah-a-nu-um; pì-lá-ha-num
Ewarnum,1,1,onomasticon,Ewarnum,e-wa-ar-nim; e-we-er-nim
Zizum,1,1,onomasticon,Zizum,zi-zi-im
Azul,1,1,lexicon; onomasticon,Azul,a-zu-ul; az-ul
Muanika,1,1,lexicon; onomasticon,Muanika,mu-a-ni-kà
Taziza,1,1,lexicon; onomasticon,Taziza,ta-zi-za
Šuliman,1,1,lexicon; onomasticon,Šuliman,šu-li-ma-an
Lurmea,1,1,lexicon; onomasticon,Lurmea,lu-ur-me-a; lu-ur-mì-a
Tamnia,1,1,lexicon; onomasticon,Tamnia,ta-am-na; ta-am-ni-a
Kalanašar,1,1,lexicon; onomasticon,Kalanašar,kà-lá-na-šar
Uštahšušar,1,1,lexicon; onomasticon,Uštahšušar; Uštaḫšušar,uš-ta-ah-šu-ša-ar; uš-ta-ah-šu-šar
Ilī-rabi,1,1,lexicon; onomasticon,Ilī-rabi,-re-bi; dingir-gal; dingir-lu-ri-bi; dingir-ra-be; dingir-ra-bi; dingir-ra-bi4; dingir.gal; {m}dingir-re-bi; ì-lí-gal
Uzu,1,1,lexicon,Uzu,u-ṣú; ù-zi; ú-sú; ú-zi; ú-zi-im; ú-zu; ú-ṣi
Kida,1,1,lexicon; onomasticon,Kida; Kidā,ki-da; ki-da-a; ki-ta; ki-ta-a
Iku,1,1,onomasticon,Iku,i-ku
Išdu-kēn,1,1,lexicon; onomasticon,Išdu-kēn,-ki-in; iš-du-ke-en; iš-du-ke-en6; iš-du-ke-en6-ma; iš-du-ke-ki-in; iš-du-ki-in
Šuppinuman,1,1,onomasticon,Šuppinuman,šu-pì-ú-nu-ma-an
Alutani,1,1,lexicon; onomasticon,Alutani,a-lu-ta-ni
Hurdunani,1,1,lexicon; onomasticon,Hurdunani; Ḫurdunani,hu-ur-du-na-ni
Nanali,1,1,lexicon; onomasticon,Nanali; Nanalī,na-na-li; na-na-li-i
Dumeni,1,1,lexicon; onomasticon,Dumeni,du-me-ni
Abubu,1,1,lexicon; onomasticon,Abubu,a-bu-bu
Kuluman,1,1,onomasticon,Kuluman,ku-lu-ma-an
Kilinuman,1,1,lexicon,Kilinuman,ki-li-nu-ma-an
Kududu,1,1,lexicon; onomasticon,Kududu,ku-du-du; ku-du-du-ma
Pithana,1,1,lexicon; onomasticon,Pithana; Pitḫana,pì-it-ha-na; pí-it-ha-na
Šamaš-nāṣir,1,1,lexicon; onomasticon,Šamaš-nāṣir,{d}utu-na-ṣir; {d}utu-na-ṣí-ir
Lālum,1,1,onomasticon,Lālum,lá; lá-lu-um
Kudānum,1,1,onomasticon,Kudānum,ku-da-nim
Šazua,1,1,lexicon; onomasticon,Šazua,ša-sí-a; ša-sú-a; ša-zi-a; ša-zu; ša-zu-a; ša-zu-ú-a
Ababayai,1,1,lexicon,Ababayai,a-ba-ba-a-a-i
Ṭāb-ilī,1,1,lexicon; onomasticon,Ṭāb-ilī,du10-ì-lí; du10-ì-lí-ma; du10.dingir; dug-ì-lí; dug-ì-lí-ma; dùg-ì-lí; dùg-ì-lí-ma; ṭá-áb-ì-lí; ṭá-áb-ì-lí-ma
Labarša,1,1,lexicon; onomasticon,Labarša,la; la-ba-ar-ša; la-bar-ša; lá-ba-ar-ša; lá-bar-ša
Usānum,1,1,onomasticon,Usānum,ú-sà-num; ú-sá-num
Bēlī-ṭāb,1,1,lexicon; onomasticon,Bēlī-ṭāb,be-lì-du10; be-lí-du10; be-lí-dug; be-lí-dùg; bé-lí-du10; bé-lí-dug; bé-lí-dùg
Šuppibra,1,1,lexicon; onomasticon,Šuppibra,šu-be-e-eb-ra; šu-bi4-ib-ra; šu-pè-e-ep-ra; šu-pè-e-ip-ra; šu-pì-ib-ra; šu-pì-ip-ra; šu-pí-ip-ra; šu-up-ip-ra
Zaba,1,1,lexicon; onomasticon,Zaba,za-ba; ṣa-ba-a
Mannuba,1,1,onomasticon,Mannuba,ma-nu-ba
Maršana,1,1,lexicon; onomasticon,Maršana,ma-ar-ša-na
Marušala,1,1,lexicon; onomasticon,Marušala,ma-ru-ša-la; ma-ru-ša-lá
Alwana,1,1,lexicon; onomasticon,Alwana,a-al-wa-na; al-wa; al-wa-na
Qardum-Adad,1,1,lexicon; onomasticon,Qardum-Adad,qar-du-um={d}im; qar-du-um={d}iškur; qar-dum-{d}im; qar-dum={d}im; qar-dum={d}iškur; qá-ar-du-um={d}im
Buzu,1,1,lexicon; onomasticon,Buzu,bu-zu; bu-zu-ú; pu-zu
Kukuzi,1,1,lexicon; onomasticon,Kukuzi,ku-ku-zi
Uzinum,1,1,onomasticon,Uzinum,ú-zi-nim
Nūr-Ištar,1,1,lexicon; onomasticon,Nūr-Ištar,nu-mar-ištar; nu-ur-ištar; nu-ur-ištar-ma; nu-úr-ištar; nu-úr-ištar-ma
Ikraya,1,1,onomasticon,Ikraya,ik-ra-a
Ikūn-mīšar,1,1,onomasticon,Ikūn-mīšar,i-ku-mì-šar
Ididi,1,1,lexicon; onomasticon,Ididi,i-dí-dí; i-ti-ti; i-tí-tí
Nūr-ilī,1,1,lexicon; onomasticon,Nūr-ilī,nu-ri-i-li; nu-ur-ì-lí
Ibni-Suen,1,1,lexicon; onomasticon,Ibni-Suen,ib-ni-sú-en; ib-ni-sú-en6; ib-ni-sú-in
Šahišnuman,1,1,lexicon; onomasticon,Šahišnuman; Šaḫišnuman,ša-hi-iš-nu-ma-an; ša-hi-iš-nu-mì-in; ša-hi-šu-nu-me-in; ša-hu-iš-nu-ma-an; ší-hi-iš-nu-ma-an
Tumana,1,1,lexicon; onomasticon,Tumana,du-ma-na; tù-ma-na; tù-ma-na-a
Unuba,1,1,lexicon; onomasticon,Unuba,ú-nu-ba
Izēzam-ilī,1,1,lexicon,Izēzam-ilī,i-zi-za-am-dingir; i-zi-za-am-lí
Nakiled,1,1,lexicon,Nakiled,na-ki-le-a-ad; na-ki-le-e-et; na-ki-le-ed; na-ki-li-a-at; na-ki-li-at; na-ki-li-e-et; na-ki-li-e-it; na-ki-li-et; na-ki-li-id; na-ki-li-it
Adallal,1,1,onomasticon,Adallal,a-da-làl
Kakua,1,1,lexicon; onomasticon,Kakua,ka-ku-a; kà-ku-a
Enam-Aššur,1,1,onomasticon,Enam-Aššur,e-nam-a-šùr; e-nam-da-šùr
Dumana,1,1,onomasticon,Dumana,du-ma-na
Šamaš,1,1,lexicon,Šamaš,ša-ma-áš
Abarzizum,1,1,lexicon; onomasticon,Abarsisum; Abarzizum,a-bar-sí-sí; a-bar-sí-sí-im; a-bar-zi-zi-im
Edišin,1,1,lexicon,Edišin,e-dí-ší-in
Bēlu-dan,1,1,lexicon,Bēlu-dan,be-lu-dan
Ennam-Ištar,1,1,lexicon; onomasticon,Ennam-Ištar,e-na-ištar; e-nam-ištar-ma; e-nu-um-iš-ta-ru-um; e-num-ištar; en-nam-ištar; en-nam-ištar-ma; en-nu-ištar; en-num-ištar; en-um-ištar; i-nu-um-ištar
Ilšu-dan,1,1,lexicon; onomasticon,Ilšu-dan; Ilšu-dān,dingir-šu-dan; i-li-šu-da-an; il-šu-dan; il5-šu-da-an; il5-šu-dan; ì-lí-šu-da-an; ì-lí-šu-dan
Ilum-idī,1,1,lexicon; onomasticon,Ilum-idī,i-lu-mì-tí; i-lu-um-i-dí
Duduna,1,1,lexicon; onomasticon,Duduna,du-du-na; tù-tù-na
Ilī-idī,1,1,lexicon; onomasticon,Ilī-idī,an-i-dí; dingir-i-de8; dingir-i-de8-e; dingir-i-dì; dingir-i-dí
Akazi,1,1,lexicon; onomasticon,Akazi,a-ga-zi; a-kà-zi
Ikūnu,1,1,lexicon,Ikūnu,i-ku-na-am; i-ku-nam; i-ku-ni-im; i-ku-nim; i-ku-nim-ma; i-ku-nu-um; i-ku-nu-um-ma; i-ku-num; i-ku-num-ma; i-ku-núm; {m}i-ku-nim; {m}i-ku-num
Karria,1,1,onomasticon,Karria,kà-ri-a; kàr-ri-a
Libbi-Ištar,1,1,lexicon; onomasticon,Libbi-Ištar,li-bi-ištar
Ilina,1,1,lexicon; onomasticon,Ilina,i-li-nim; ì-lí-na; ì-lí-nim
Adad-rē'ī,1,1,lexicon; onomasticon,Adad-rē'ī,{d}im-sipa; {d}im-sipa-ma; {d}im.sipa; {d}iškur-re-i; {d}iškur.sipa; {d}iškur.sipa-ma
